WIECF-2011,JLEGC-2008,1
WIECF-2011,SIPU-2008,1
WIECF-2011,EAJSIC-2017,1
WIECF-2011,IFC-2010,1
WIECF-2011,JTSA-1996,1
WIECF-2011,WOMT-2015,1
WIECF-2011,WERFA-2014,1
WIECF-2011,JCIDIT-2014,1
WIECF-2011,ACEAA-2012,1
WIECF-2011,AAAAM-2008,1
WIECF-2011,ACEAA-2014,1
WIECF-2011,AAAAM-2007,1
WIECF-2011,-2015,1
WIECF-2011,ACEAA-1998,1
WIECF-2011,ACEAA-2008,1
WIECF-2011,ACEAA-1999,1
WIECF-2011,CEAA-2004,1
WIECF-2011,ACENJP-2015,1
WIECF-2011,WIECF-2003,5
WIECF-2011,WIECF-2005,5
WIECF-2011,EASEPUC-2006,1
WIECF-2011,RFOTSJOFAA-2012,1
WIECF-2011,WIECF-2008,5
WIECF-2011,WIECF-2009,5
WIECF-2011,JHLGC-2011,1
WIECF-2011,EPUC-2002,1
WIECF-2011,ACEAA-2001,1
WIECF-2011,FRW-2013,1
WIECF-2011,ACEAA-2003,1
WIECF-2011,CFEIAP-2016,1
WIECF-2011,AAAAM-2016,1
WIECF-2011,ACEAA-2006,1
WIECF-2011,ISDEA-2004,1
WIECF-2011,IVFRW-2013,1
WIECF-2011,CAECA-2007,1
WIECF-2011,C-2011,1
WIECF-2011,NME-2011,1
WIECF-2011,SPMSM-2005,1
WIECF-2011,CAECA-2003,1
WIECF-2011,EAAAC-2010,1
WIECF-2011,WAE-2008,1
WIECF-2011,AM-2000,1
WIECF-2011,CAECA-1999,1
WIECF-2011,JIREFC-2008,1
WIECF-2011,CN-2016,1
WIECF-2011,CN-2014,1
WIECF-2011,EIWCMR-2001,1
WIECF-2011,CAECAE-1997,1
WIECF-2011,JAC-1997,1
WIECF-2011,EAAAC-2007,1
WIECF-2011,CAEAA-2002,1
WIECF-2011,-2016,1
WIECF-2011,AAAAM-2012,1
WIECF-2011,AAAAM-2010,1
WIECF-2011,CAECAIE-2005,1
WIECF-2011,FI-2015,1
WIECF-2011,EPUCCSF-2004,1
WIECF-2011,JLEGCIES-2006,1
WIECF-2011,MASMMAAA-2005,1
JLEGC-2008,SIPU-2008,1
JLEGC-2008,EAJSIC-2017,1
JLEGC-2008,IFC-2010,1
JLEGC-2008,JTSA-1996,1
JLEGC-2008,WOMT-2015,1
JLEGC-2008,WERFA-2014,1
JLEGC-2008,JCIDIT-2014,1
JLEGC-2008,ACEAA-2012,1
JLEGC-2008,AAAAM-2008,1
JLEGC-2008,ACEAA-2014,1
JLEGC-2008,AAAAM-2007,1
JLEGC-2008,-2015,1
JLEGC-2008,ACEAA-1998,1
JLEGC-2008,ACEAA-2008,1
JLEGC-2008,ACEAA-1999,1
JLEGC-2008,CEAA-2004,1
JLEGC-2008,ACENJP-2015,1
JLEGC-2008,WIECF-2003,1
JLEGC-2008,WIECF-2005,1
JLEGC-2008,EASEPUC-2006,1
JLEGC-2008,RFOTSJOFAA-2012,1
JLEGC-2008,WIECF-2008,1
JLEGC-2008,WIECF-2009,1
JLEGC-2008,JHLGC-2011,1
JLEGC-2008,EPUC-2002,1
JLEGC-2008,ACEAA-2001,1
JLEGC-2008,FRW-2013,1
JLEGC-2008,ACEAA-2003,1
JLEGC-2008,CFEIAP-2016,1
JLEGC-2008,AAAAM-2016,1
JLEGC-2008,ACEAA-2006,1
JLEGC-2008,ISDEA-2004,1
JLEGC-2008,IVFRW-2013,1
JLEGC-2008,CAECA-2007,1
JLEGC-2008,C-2011,1
JLEGC-2008,NME-2011,1
JLEGC-2008,SPMSM-2005,1
JLEGC-2008,CAECA-2003,1
JLEGC-2008,EAAAC-2010,1
JLEGC-2008,WAE-2008,1
JLEGC-2008,AM-2000,1
JLEGC-2008,CAECA-1999,1
JLEGC-2008,JIREFC-2008,1
JLEGC-2008,CN-2016,1
JLEGC-2008,CN-2014,1
JLEGC-2008,EIWCMR-2001,1
JLEGC-2008,CAECAE-1997,1
JLEGC-2008,JAC-1997,1
JLEGC-2008,EAAAC-2007,1
JLEGC-2008,CAEAA-2002,1
JLEGC-2008,-2016,1
JLEGC-2008,AAAAM-2012,1
JLEGC-2008,AAAAM-2010,1
JLEGC-2008,CAECAIE-2005,1
JLEGC-2008,FI-2015,1
JLEGC-2008,EPUCCSF-2004,1
JLEGC-2008,JLEGCIES-2006,1
JLEGC-2008,MASMMAAA-2005,1
SIPU-2008,EAJSIC-2017,1
SIPU-2008,IFC-2010,1
SIPU-2008,JTSA-1996,1
SIPU-2008,WOMT-2015,1
SIPU-2008,WERFA-2014,1
SIPU-2008,JCIDIT-2014,1
SIPU-2008,ACEAA-2012,1
SIPU-2008,AAAAM-2008,1
SIPU-2008,ACEAA-2014,1
SIPU-2008,AAAAM-2007,1
SIPU-2008,-2015,1
SIPU-2008,ACEAA-1998,1
SIPU-2008,ACEAA-2008,1
SIPU-2008,ACEAA-1999,1
SIPU-2008,CEAA-2004,1
SIPU-2008,ACENJP-2015,1
SIPU-2008,WIECF-2003,1
SIPU-2008,WIECF-2005,1
SIPU-2008,EASEPUC-2006,1
SIPU-2008,RFOTSJOFAA-2012,1
SIPU-2008,WIECF-2008,1
SIPU-2008,WIECF-2009,1
SIPU-2008,JHLGC-2011,1
SIPU-2008,EPUC-2002,1
SIPU-2008,ACEAA-2001,1
SIPU-2008,FRW-2013,1
SIPU-2008,ACEAA-2003,1
SIPU-2008,CFEIAP-2016,1
SIPU-2008,AAAAM-2016,1
SIPU-2008,ACEAA-2006,1
SIPU-2008,ISDEA-2004,1
SIPU-2008,IVFRW-2013,1
SIPU-2008,CAECA-2007,1
SIPU-2008,C-2011,1
SIPU-2008,NME-2011,1
SIPU-2008,SPMSM-2005,1
SIPU-2008,CAECA-2003,1
SIPU-2008,EAAAC-2010,1
SIPU-2008,WAE-2008,1
SIPU-2008,AM-2000,1
SIPU-2008,CAECA-1999,1
SIPU-2008,JIREFC-2008,1
SIPU-2008,CN-2016,1
SIPU-2008,CN-2014,1
SIPU-2008,EIWCMR-2001,1
SIPU-2008,CAECAE-1997,1
SIPU-2008,JAC-1997,1
SIPU-2008,EAAAC-2007,1
SIPU-2008,CAEAA-2002,1
SIPU-2008,-2016,1
SIPU-2008,AAAAM-2012,1
SIPU-2008,AAAAM-2010,1
SIPU-2008,CAECAIE-2005,1
SIPU-2008,FI-2015,1
SIPU-2008,EPUCCSF-2004,1
SIPU-2008,JLEGCIES-2006,1
SIPU-2008,MASMMAAA-2005,1
EAJSIC-2017,IFC-2010,1
EAJSIC-2017,JTSA-1996,1
EAJSIC-2017,WOMT-2015,1
EAJSIC-2017,WERFA-2014,1
EAJSIC-2017,JCIDIT-2014,1
EAJSIC-2017,ACEAA-2012,1
EAJSIC-2017,AAAAM-2008,1
EAJSIC-2017,ACEAA-2014,1
EAJSIC-2017,AAAAM-2007,1
EAJSIC-2017,-2015,1
EAJSIC-2017,ACEAA-1998,1
EAJSIC-2017,ACEAA-2008,1
EAJSIC-2017,ACEAA-1999,1
EAJSIC-2017,CEAA-2004,1
EAJSIC-2017,ACENJP-2015,1
EAJSIC-2017,WIECF-2003,1
EAJSIC-2017,WIECF-2005,1
EAJSIC-2017,EASEPUC-2006,1
EAJSIC-2017,RFOTSJOFAA-2012,1
EAJSIC-2017,WIECF-2008,1
EAJSIC-2017,WIECF-2009,1
EAJSIC-2017,JHLGC-2011,1
EAJSIC-2017,EPUC-2002,1
EAJSIC-2017,ACEAA-2001,1
EAJSIC-2017,FRW-2013,1
EAJSIC-2017,ACEAA-2003,1
EAJSIC-2017,CFEIAP-2016,1
EAJSIC-2017,AAAAM-2016,1
EAJSIC-2017,ACEAA-2006,1
EAJSIC-2017,ISDEA-2004,1
EAJSIC-2017,IVFRW-2013,1
EAJSIC-2017,CAECA-2007,1
EAJSIC-2017,C-2011,1
EAJSIC-2017,NME-2011,1
EAJSIC-2017,SPMSM-2005,1
EAJSIC-2017,CAECA-2003,1
EAJSIC-2017,EAAAC-2010,1
EAJSIC-2017,WAE-2008,1
EAJSIC-2017,AM-2000,1
EAJSIC-2017,CAECA-1999,1
EAJSIC-2017,JIREFC-2008,1
EAJSIC-2017,CN-2016,1
EAJSIC-2017,CN-2014,1
EAJSIC-2017,EIWCMR-2001,1
EAJSIC-2017,CAECAE-1997,1
EAJSIC-2017,JAC-1997,1
EAJSIC-2017,EAAAC-2007,1
EAJSIC-2017,CAEAA-2002,1
EAJSIC-2017,-2016,1
EAJSIC-2017,AAAAM-2012,1
EAJSIC-2017,AAAAM-2010,1
EAJSIC-2017,CAECAIE-2005,1
EAJSIC-2017,FI-2015,1
EAJSIC-2017,EPUCCSF-2004,1
EAJSIC-2017,JLEGCIES-2006,1
EAJSIC-2017,MASMMAAA-2005,1
IFC-2010,JTSA-1996,1
IFC-2010,WOMT-2015,1
IFC-2010,WERFA-2014,1
IFC-2010,JCIDIT-2014,1
IFC-2010,ACEAA-2012,1
IFC-2010,AAAAM-2008,1
IFC-2010,ACEAA-2014,1
IFC-2010,AAAAM-2007,1
IFC-2010,-2015,1
IFC-2010,ACEAA-1998,1
IFC-2010,ACEAA-2008,1
IFC-2010,ACEAA-1999,1
IFC-2010,CEAA-2004,1
IFC-2010,ACENJP-2015,1
IFC-2010,WIECF-2003,1
IFC-2010,WIECF-2005,1
IFC-2010,EASEPUC-2006,1
IFC-2010,RFOTSJOFAA-2012,1
IFC-2010,WIECF-2008,1
IFC-2010,WIECF-2009,1
IFC-2010,JHLGC-2011,1
IFC-2010,EPUC-2002,1
IFC-2010,ACEAA-2001,1
IFC-2010,FRW-2013,1
IFC-2010,ACEAA-2003,1
IFC-2010,CFEIAP-2016,1
IFC-2010,AAAAM-2016,1
IFC-2010,ACEAA-2006,1
IFC-2010,ISDEA-2004,1
IFC-2010,IVFRW-2013,1
IFC-2010,CAECA-2007,1
IFC-2010,C-2011,1
IFC-2010,NME-2011,1
IFC-2010,SPMSM-2005,1
IFC-2010,CAECA-2003,1
IFC-2010,EAAAC-2010,1
IFC-2010,WAE-2008,1
IFC-2010,AM-2000,1
IFC-2010,CAECA-1999,1
IFC-2010,JIREFC-2008,1
IFC-2010,CN-2016,1
IFC-2010,CN-2014,1
IFC-2010,EIWCMR-2001,1
IFC-2010,CAECAE-1997,1
IFC-2010,JAC-1997,1
IFC-2010,EAAAC-2007,1
IFC-2010,CAEAA-2002,1
IFC-2010,-2016,1
IFC-2010,AAAAM-2012,1
IFC-2010,AAAAM-2010,1
IFC-2010,CAECAIE-2005,1
IFC-2010,FI-2015,1
IFC-2010,EPUCCSF-2004,1
IFC-2010,JLEGCIES-2006,1
IFC-2010,MASMMAAA-2005,1
JTSA-1996,WOMT-2015,1
JTSA-1996,WERFA-2014,1
JTSA-1996,JCIDIT-2014,1
JTSA-1996,ACEAA-2012,1
JTSA-1996,AAAAM-2008,1
JTSA-1996,ACEAA-2014,1
JTSA-1996,AAAAM-2007,1
JTSA-1996,-2015,1
JTSA-1996,ACEAA-1998,1
JTSA-1996,ACEAA-2008,1
JTSA-1996,ACEAA-1999,1
JTSA-1996,CEAA-2004,1
JTSA-1996,ACENJP-2015,1
JTSA-1996,WIECF-2003,1
JTSA-1996,WIECF-2005,1
JTSA-1996,EASEPUC-2006,1
JTSA-1996,RFOTSJOFAA-2012,1
JTSA-1996,WIECF-2008,1
JTSA-1996,WIECF-2009,1
JTSA-1996,JHLGC-2011,1
JTSA-1996,EPUC-2002,1
JTSA-1996,ACEAA-2001,1
JTSA-1996,FRW-2013,1
JTSA-1996,ACEAA-2003,1
JTSA-1996,CFEIAP-2016,1
JTSA-1996,AAAAM-2016,1
JTSA-1996,ACEAA-2006,1
JTSA-1996,ISDEA-2004,1
JTSA-1996,IVFRW-2013,1
JTSA-1996,CAECA-2007,1
JTSA-1996,C-2011,1
JTSA-1996,NME-2011,1
JTSA-1996,SPMSM-2005,1
JTSA-1996,CAECA-2003,1
JTSA-1996,EAAAC-2010,1
JTSA-1996,WAE-2008,1
JTSA-1996,AM-2000,1
JTSA-1996,CAECA-1999,1
JTSA-1996,JIREFC-2008,1
JTSA-1996,CN-2016,1
JTSA-1996,CN-2014,1
JTSA-1996,EIWCMR-2001,1
JTSA-1996,CAECAE-1997,1
JTSA-1996,JAC-1997,1
JTSA-1996,EAAAC-2007,1
JTSA-1996,CAEAA-2002,1
JTSA-1996,-2016,1
JTSA-1996,AAAAM-2012,1
JTSA-1996,AAAAM-2010,1
JTSA-1996,CAECAIE-2005,1
JTSA-1996,FI-2015,1
JTSA-1996,EPUCCSF-2004,1
JTSA-1996,JLEGCIES-2006,1
JTSA-1996,MASMMAAA-2005,1
WOMT-2015,WERFA-2014,1
WOMT-2015,JCIDIT-2014,1
WOMT-2015,ACEAA-2012,1
WOMT-2015,AAAAM-2008,1
WOMT-2015,ACEAA-2014,1
WOMT-2015,AAAAM-2007,1
WOMT-2015,-2015,1
WOMT-2015,ACEAA-1998,1
WOMT-2015,ACEAA-2008,1
WOMT-2015,ACEAA-1999,1
WOMT-2015,CEAA-2004,1
WOMT-2015,ACENJP-2015,1
WOMT-2015,WIECF-2003,1
WOMT-2015,WIECF-2005,1
WOMT-2015,EASEPUC-2006,1
WOMT-2015,RFOTSJOFAA-2012,1
WOMT-2015,WIECF-2008,1
WOMT-2015,WIECF-2009,1
WOMT-2015,JHLGC-2011,1
WOMT-2015,EPUC-2002,1
WOMT-2015,ACEAA-2001,1
WOMT-2015,FRW-2013,1
WOMT-2015,ACEAA-2003,1
WOMT-2015,CFEIAP-2016,1
WOMT-2015,AAAAM-2016,1
WOMT-2015,ACEAA-2006,1
WOMT-2015,ISDEA-2004,1
WOMT-2015,IVFRW-2013,1
WOMT-2015,CAECA-2007,1
WOMT-2015,C-2011,1
WOMT-2015,NME-2011,1
WOMT-2015,SPMSM-2005,1
WOMT-2015,CAECA-2003,1
WOMT-2015,EAAAC-2010,1
WOMT-2015,WAE-2008,1
WOMT-2015,AM-2000,1
WOMT-2015,CAECA-1999,1
WOMT-2015,JIREFC-2008,1
WOMT-2015,CN-2016,1
WOMT-2015,CN-2014,1
WOMT-2015,EIWCMR-2001,1
WOMT-2015,CAECAE-1997,1
WOMT-2015,JAC-1997,1
WOMT-2015,EAAAC-2007,1
WOMT-2015,CAEAA-2002,1
WOMT-2015,-2016,1
WOMT-2015,AAAAM-2012,1
WOMT-2015,AAAAM-2010,1
WOMT-2015,CAECAIE-2005,1
WOMT-2015,FI-2015,1
WOMT-2015,EPUCCSF-2004,1
WOMT-2015,JLEGCIES-2006,1
WOMT-2015,MASMMAAA-2005,1
WERFA-2014,JCIDIT-2014,1
WERFA-2014,ACEAA-2012,1
WERFA-2014,AAAAM-2008,1
WERFA-2014,ACEAA-2014,1
WERFA-2014,AAAAM-2007,1
WERFA-2014,-2015,1
WERFA-2014,ACEAA-1998,1
WERFA-2014,ACEAA-2008,1
WERFA-2014,ACEAA-1999,1
WERFA-2014,CEAA-2004,1
WERFA-2014,ACENJP-2015,1
WERFA-2014,WIECF-2003,1
WERFA-2014,WIECF-2005,1
WERFA-2014,EASEPUC-2006,1
WERFA-2014,RFOTSJOFAA-2012,1
WERFA-2014,WIECF-2008,1
WERFA-2014,WIECF-2009,1
WERFA-2014,JHLGC-2011,1
WERFA-2014,EPUC-2002,1
WERFA-2014,ACEAA-2001,1
WERFA-2014,FRW-2013,1
WERFA-2014,ACEAA-2003,1
WERFA-2014,CFEIAP-2016,1
WERFA-2014,AAAAM-2016,1
WERFA-2014,ACEAA-2006,1
WERFA-2014,ISDEA-2004,1
WERFA-2014,IVFRW-2013,1
WERFA-2014,CAECA-2007,1
WERFA-2014,C-2011,1
WERFA-2014,NME-2011,1
WERFA-2014,SPMSM-2005,1
WERFA-2014,CAECA-2003,1
WERFA-2014,EAAAC-2010,1
WERFA-2014,WAE-2008,1
WERFA-2014,AM-2000,1
WERFA-2014,CAECA-1999,1
WERFA-2014,JIREFC-2008,1
WERFA-2014,CN-2016,1
WERFA-2014,CN-2014,1
WERFA-2014,EIWCMR-2001,1
WERFA-2014,CAECAE-1997,1
WERFA-2014,JAC-1997,1
WERFA-2014,EAAAC-2007,1
WERFA-2014,CAEAA-2002,1
WERFA-2014,-2016,1
WERFA-2014,AAAAM-2012,1
WERFA-2014,AAAAM-2010,1
WERFA-2014,CAECAIE-2005,1
WERFA-2014,FI-2015,1
WERFA-2014,EPUCCSF-2004,1
WERFA-2014,JLEGCIES-2006,1
WERFA-2014,MASMMAAA-2005,1
JCIDIT-2014,ACEAA-2012,1
JCIDIT-2014,AAAAM-2008,1
JCIDIT-2014,ACEAA-2014,1
JCIDIT-2014,AAAAM-2007,1
JCIDIT-2014,-2015,1
JCIDIT-2014,ACEAA-1998,1
JCIDIT-2014,ACEAA-2008,1
JCIDIT-2014,ACEAA-1999,1
JCIDIT-2014,CEAA-2004,1
JCIDIT-2014,ACENJP-2015,1
JCIDIT-2014,WIECF-2003,1
JCIDIT-2014,WIECF-2005,1
JCIDIT-2014,EASEPUC-2006,1
JCIDIT-2014,RFOTSJOFAA-2012,1
JCIDIT-2014,WIECF-2008,1
JCIDIT-2014,WIECF-2009,1
JCIDIT-2014,JHLGC-2011,1
JCIDIT-2014,EPUC-2002,1
JCIDIT-2014,ACEAA-2001,1
JCIDIT-2014,FRW-2013,1
JCIDIT-2014,ACEAA-2003,1
JCIDIT-2014,CFEIAP-2016,1
JCIDIT-2014,AAAAM-2016,1
JCIDIT-2014,ACEAA-2006,1
JCIDIT-2014,ISDEA-2004,1
JCIDIT-2014,IVFRW-2013,1
JCIDIT-2014,CAECA-2007,1
JCIDIT-2014,C-2011,1
JCIDIT-2014,NME-2011,1
JCIDIT-2014,SPMSM-2005,1
JCIDIT-2014,CAECA-2003,1
JCIDIT-2014,EAAAC-2010,1
JCIDIT-2014,WAE-2008,1
JCIDIT-2014,AM-2000,1
JCIDIT-2014,CAECA-1999,1
JCIDIT-2014,JIREFC-2008,1
JCIDIT-2014,CN-2016,1
JCIDIT-2014,CN-2014,1
JCIDIT-2014,EIWCMR-2001,1
JCIDIT-2014,CAECAE-1997,1
JCIDIT-2014,JAC-1997,1
JCIDIT-2014,EAAAC-2007,1
JCIDIT-2014,CAEAA-2002,1
JCIDIT-2014,-2016,1
JCIDIT-2014,AAAAM-2012,1
JCIDIT-2014,AAAAM-2010,1
JCIDIT-2014,CAECAIE-2005,1
JCIDIT-2014,FI-2015,1
JCIDIT-2014,EPUCCSF-2004,1
JCIDIT-2014,JLEGCIES-2006,1
JCIDIT-2014,MASMMAAA-2005,1
ACEAA-2012,AAAAM-2008,1
ACEAA-2012,ACEAA-2014,5
ACEAA-2012,AAAAM-2007,1
ACEAA-2012,-2015,1
ACEAA-2012,ACEAA-1998,5
ACEAA-2012,ACEAA-2008,5
ACEAA-2012,ACEAA-1999,5
ACEAA-2012,CEAA-2004,1
ACEAA-2012,ACENJP-2015,1
ACEAA-2012,WIECF-2003,1
ACEAA-2012,WIECF-2005,1
ACEAA-2012,EASEPUC-2006,1
ACEAA-2012,RFOTSJOFAA-2012,1
ACEAA-2012,WIECF-2008,1
ACEAA-2012,WIECF-2009,1
ACEAA-2012,JHLGC-2011,1
ACEAA-2012,EPUC-2002,1
ACEAA-2012,ACEAA-2001,5
ACEAA-2012,FRW-2013,1
ACEAA-2012,ACEAA-2003,5
ACEAA-2012,CFEIAP-2016,1
ACEAA-2012,AAAAM-2016,1
ACEAA-2012,ACEAA-2006,5
ACEAA-2012,ISDEA-2004,1
ACEAA-2012,IVFRW-2013,1
ACEAA-2012,CAECA-2007,1
ACEAA-2012,C-2011,1
ACEAA-2012,NME-2011,1
ACEAA-2012,SPMSM-2005,1
ACEAA-2012,CAECA-2003,1
ACEAA-2012,EAAAC-2010,1
ACEAA-2012,WAE-2008,1
ACEAA-2012,AM-2000,1
ACEAA-2012,CAECA-1999,1
ACEAA-2012,JIREFC-2008,1
ACEAA-2012,CN-2016,1
ACEAA-2012,CN-2014,1
ACEAA-2012,EIWCMR-2001,1
ACEAA-2012,CAECAE-1997,1
ACEAA-2012,JAC-1997,1
ACEAA-2012,EAAAC-2007,1
ACEAA-2012,CAEAA-2002,1
ACEAA-2012,-2016,1
ACEAA-2012,AAAAM-2012,1
ACEAA-2012,AAAAM-2010,1
ACEAA-2012,CAECAIE-2005,1
ACEAA-2012,FI-2015,1
ACEAA-2012,EPUCCSF-2004,1
ACEAA-2012,JLEGCIES-2006,1
ACEAA-2012,MASMMAAA-2005,1
AAAAM-2008,ACEAA-2014,1
AAAAM-2008,AAAAM-2007,5
AAAAM-2008,-2015,1
AAAAM-2008,ACEAA-1998,1
AAAAM-2008,ACEAA-2008,1
AAAAM-2008,ACEAA-1999,1
AAAAM-2008,CEAA-2004,1
AAAAM-2008,ACENJP-2015,1
AAAAM-2008,WIECF-2003,1
AAAAM-2008,WIECF-2005,1
AAAAM-2008,EASEPUC-2006,1
AAAAM-2008,RFOTSJOFAA-2012,1
AAAAM-2008,WIECF-2008,1
AAAAM-2008,WIECF-2009,1
AAAAM-2008,JHLGC-2011,1
AAAAM-2008,EPUC-2002,1
AAAAM-2008,ACEAA-2001,1
AAAAM-2008,FRW-2013,1
AAAAM-2008,ACEAA-2003,1
AAAAM-2008,CFEIAP-2016,1
AAAAM-2008,AAAAM-2016,5
AAAAM-2008,ACEAA-2006,1
AAAAM-2008,ISDEA-2004,1
AAAAM-2008,IVFRW-2013,1
AAAAM-2008,CAECA-2007,1
AAAAM-2008,C-2011,1
AAAAM-2008,NME-2011,1
AAAAM-2008,SPMSM-2005,1
AAAAM-2008,CAECA-2003,1
AAAAM-2008,EAAAC-2010,1
AAAAM-2008,WAE-2008,1
AAAAM-2008,AM-2000,1
AAAAM-2008,CAECA-1999,1
AAAAM-2008,JIREFC-2008,1
AAAAM-2008,CN-2016,1
AAAAM-2008,CN-2014,1
AAAAM-2008,EIWCMR-2001,1
AAAAM-2008,CAECAE-1997,1
AAAAM-2008,JAC-1997,1
AAAAM-2008,EAAAC-2007,1
AAAAM-2008,CAEAA-2002,1
AAAAM-2008,-2016,1
AAAAM-2008,AAAAM-2012,5
AAAAM-2008,AAAAM-2010,5
AAAAM-2008,CAECAIE-2005,1
AAAAM-2008,FI-2015,1
AAAAM-2008,EPUCCSF-2004,1
AAAAM-2008,JLEGCIES-2006,1
AAAAM-2008,MASMMAAA-2005,1
ACEAA-2014,AAAAM-2007,1
ACEAA-2014,-2015,1
ACEAA-2014,ACEAA-1998,5
ACEAA-2014,ACEAA-2008,5
ACEAA-2014,ACEAA-1999,5
ACEAA-2014,CEAA-2004,1
ACEAA-2014,ACENJP-2015,1
ACEAA-2014,WIECF-2003,1
ACEAA-2014,WIECF-2005,1
ACEAA-2014,EASEPUC-2006,1
ACEAA-2014,RFOTSJOFAA-2012,1
ACEAA-2014,WIECF-2008,1
ACEAA-2014,WIECF-2009,1
ACEAA-2014,JHLGC-2011,1
ACEAA-2014,EPUC-2002,1
ACEAA-2014,ACEAA-2001,5
ACEAA-2014,FRW-2013,1
ACEAA-2014,ACEAA-2003,5
ACEAA-2014,CFEIAP-2016,1
ACEAA-2014,AAAAM-2016,1
ACEAA-2014,ACEAA-2006,5
ACEAA-2014,ISDEA-2004,1
ACEAA-2014,IVFRW-2013,1
ACEAA-2014,CAECA-2007,1
ACEAA-2014,C-2011,1
ACEAA-2014,NME-2011,1
ACEAA-2014,SPMSM-2005,1
ACEAA-2014,CAECA-2003,1
ACEAA-2014,EAAAC-2010,1
ACEAA-2014,WAE-2008,1
ACEAA-2014,AM-2000,1
ACEAA-2014,CAECA-1999,1
ACEAA-2014,JIREFC-2008,1
ACEAA-2014,CN-2016,1
ACEAA-2014,CN-2014,1
ACEAA-2014,EIWCMR-2001,1
ACEAA-2014,CAECAE-1997,1
ACEAA-2014,JAC-1997,1
ACEAA-2014,EAAAC-2007,1
ACEAA-2014,CAEAA-2002,1
ACEAA-2014,-2016,1
ACEAA-2014,AAAAM-2012,1
ACEAA-2014,AAAAM-2010,1
ACEAA-2014,CAECAIE-2005,1
ACEAA-2014,FI-2015,1
ACEAA-2014,EPUCCSF-2004,1
ACEAA-2014,JLEGCIES-2006,1
ACEAA-2014,MASMMAAA-2005,1
AAAAM-2007,-2015,1
AAAAM-2007,ACEAA-1998,1
AAAAM-2007,ACEAA-2008,1
AAAAM-2007,ACEAA-1999,1
AAAAM-2007,CEAA-2004,1
AAAAM-2007,ACENJP-2015,1
AAAAM-2007,WIECF-2003,1
AAAAM-2007,WIECF-2005,1
AAAAM-2007,EASEPUC-2006,1
AAAAM-2007,RFOTSJOFAA-2012,1
AAAAM-2007,WIECF-2008,1
AAAAM-2007,WIECF-2009,1
AAAAM-2007,JHLGC-2011,1
AAAAM-2007,EPUC-2002,1
AAAAM-2007,ACEAA-2001,1
AAAAM-2007,FRW-2013,1
AAAAM-2007,ACEAA-2003,1
AAAAM-2007,CFEIAP-2016,1
AAAAM-2007,AAAAM-2016,5
AAAAM-2007,ACEAA-2006,1
AAAAM-2007,ISDEA-2004,1
AAAAM-2007,IVFRW-2013,1
AAAAM-2007,CAECA-2007,1
AAAAM-2007,C-2011,1
AAAAM-2007,NME-2011,1
AAAAM-2007,SPMSM-2005,1
AAAAM-2007,CAECA-2003,1
AAAAM-2007,EAAAC-2010,1
AAAAM-2007,WAE-2008,1
AAAAM-2007,AM-2000,1
AAAAM-2007,CAECA-1999,1
AAAAM-2007,JIREFC-2008,1
AAAAM-2007,CN-2016,1
AAAAM-2007,CN-2014,1
AAAAM-2007,EIWCMR-2001,1
AAAAM-2007,CAECAE-1997,1
AAAAM-2007,JAC-1997,1
AAAAM-2007,EAAAC-2007,1
AAAAM-2007,CAEAA-2002,1
AAAAM-2007,-2016,1
AAAAM-2007,AAAAM-2012,5
AAAAM-2007,AAAAM-2010,5
AAAAM-2007,CAECAIE-2005,1
AAAAM-2007,FI-2015,1
AAAAM-2007,EPUCCSF-2004,1
AAAAM-2007,JLEGCIES-2006,1
AAAAM-2007,MASMMAAA-2005,1
-2015,ACEAA-1998,1
-2015,ACEAA-2008,1
-2015,ACEAA-1999,1
-2015,CEAA-2004,1
-2015,ACENJP-2015,1
-2015,WIECF-2003,1
-2015,WIECF-2005,1
-2015,EASEPUC-2006,1
-2015,RFOTSJOFAA-2012,1
-2015,WIECF-2008,1
-2015,WIECF-2009,1
-2015,JHLGC-2011,1
-2015,EPUC-2002,1
-2015,ACEAA-2001,1
-2015,FRW-2013,1
-2015,ACEAA-2003,1
-2015,CFEIAP-2016,1
-2015,AAAAM-2016,1
-2015,ACEAA-2006,1
-2015,ISDEA-2004,1
-2015,IVFRW-2013,1
-2015,CAECA-2007,1
-2015,C-2011,1
-2015,NME-2011,1
-2015,SPMSM-2005,1
-2015,CAECA-2003,1
-2015,EAAAC-2010,1
-2015,WAE-2008,1
-2015,AM-2000,1
-2015,CAECA-1999,1
-2015,JIREFC-2008,1
-2015,CN-2016,1
-2015,CN-2014,1
-2015,EIWCMR-2001,1
-2015,CAECAE-1997,1
-2015,JAC-1997,1
-2015,EAAAC-2007,1
-2015,CAEAA-2002,1
-2015,-2016,5
-2015,AAAAM-2012,1
-2015,AAAAM-2010,1
-2015,CAECAIE-2005,1
-2015,FI-2015,1
-2015,EPUCCSF-2004,1
-2015,JLEGCIES-2006,1
-2015,MASMMAAA-2005,1
ACEAA-1998,ACEAA-2008,5
ACEAA-1998,ACEAA-1999,5
ACEAA-1998,CEAA-2004,1
ACEAA-1998,ACENJP-2015,1
ACEAA-1998,WIECF-2003,1
ACEAA-1998,WIECF-2005,1
ACEAA-1998,EASEPUC-2006,1
ACEAA-1998,RFOTSJOFAA-2012,1
ACEAA-1998,WIECF-2008,1
ACEAA-1998,WIECF-2009,1
ACEAA-1998,JHLGC-2011,1
ACEAA-1998,EPUC-2002,1
ACEAA-1998,ACEAA-2001,5
ACEAA-1998,FRW-2013,1
ACEAA-1998,ACEAA-2003,5
ACEAA-1998,CFEIAP-2016,1
ACEAA-1998,AAAAM-2016,1
ACEAA-1998,ACEAA-2006,5
ACEAA-1998,ISDEA-2004,1
ACEAA-1998,IVFRW-2013,1
ACEAA-1998,CAECA-2007,1
ACEAA-1998,C-2011,1
ACEAA-1998,NME-2011,1
ACEAA-1998,SPMSM-2005,1
ACEAA-1998,CAECA-2003,1
ACEAA-1998,EAAAC-2010,1
ACEAA-1998,WAE-2008,1
ACEAA-1998,AM-2000,1
ACEAA-1998,CAECA-1999,1
ACEAA-1998,JIREFC-2008,1
ACEAA-1998,CN-2016,1
ACEAA-1998,CN-2014,1
ACEAA-1998,EIWCMR-2001,1
ACEAA-1998,CAECAE-1997,1
ACEAA-1998,JAC-1997,1
ACEAA-1998,EAAAC-2007,1
ACEAA-1998,CAEAA-2002,1
ACEAA-1998,-2016,1
ACEAA-1998,AAAAM-2012,1
ACEAA-1998,AAAAM-2010,1
ACEAA-1998,CAECAIE-2005,1
ACEAA-1998,FI-2015,1
ACEAA-1998,EPUCCSF-2004,1
ACEAA-1998,JLEGCIES-2006,1
ACEAA-1998,MASMMAAA-2005,1
ACEAA-2008,ACEAA-1999,5
ACEAA-2008,CEAA-2004,1
ACEAA-2008,ACENJP-2015,1
ACEAA-2008,WIECF-2003,1
ACEAA-2008,WIECF-2005,1
ACEAA-2008,EASEPUC-2006,1
ACEAA-2008,RFOTSJOFAA-2012,1
ACEAA-2008,WIECF-2008,1
ACEAA-2008,WIECF-2009,1
ACEAA-2008,JHLGC-2011,1
ACEAA-2008,EPUC-2002,1
ACEAA-2008,ACEAA-2001,5
ACEAA-2008,FRW-2013,1
ACEAA-2008,ACEAA-2003,5
ACEAA-2008,CFEIAP-2016,1
ACEAA-2008,AAAAM-2016,1
ACEAA-2008,ACEAA-2006,5
ACEAA-2008,ISDEA-2004,1
ACEAA-2008,IVFRW-2013,1
ACEAA-2008,CAECA-2007,1
ACEAA-2008,C-2011,1
ACEAA-2008,NME-2011,1
ACEAA-2008,SPMSM-2005,1
ACEAA-2008,CAECA-2003,1
ACEAA-2008,EAAAC-2010,1
ACEAA-2008,WAE-2008,1
ACEAA-2008,AM-2000,1
ACEAA-2008,CAECA-1999,1
ACEAA-2008,JIREFC-2008,1
ACEAA-2008,CN-2016,1
ACEAA-2008,CN-2014,1
ACEAA-2008,EIWCMR-2001,1
ACEAA-2008,CAECAE-1997,1
ACEAA-2008,JAC-1997,1
ACEAA-2008,EAAAC-2007,1
ACEAA-2008,CAEAA-2002,1
ACEAA-2008,-2016,1
ACEAA-2008,AAAAM-2012,1
ACEAA-2008,AAAAM-2010,1
ACEAA-2008,CAECAIE-2005,1
ACEAA-2008,FI-2015,1
ACEAA-2008,EPUCCSF-2004,1
ACEAA-2008,JLEGCIES-2006,1
ACEAA-2008,MASMMAAA-2005,1
ACEAA-1999,CEAA-2004,1
ACEAA-1999,ACENJP-2015,1
ACEAA-1999,WIECF-2003,1
ACEAA-1999,WIECF-2005,1
ACEAA-1999,EASEPUC-2006,1
ACEAA-1999,RFOTSJOFAA-2012,1
ACEAA-1999,WIECF-2008,1
ACEAA-1999,WIECF-2009,1
ACEAA-1999,JHLGC-2011,1
ACEAA-1999,EPUC-2002,1
ACEAA-1999,ACEAA-2001,5
ACEAA-1999,FRW-2013,1
ACEAA-1999,ACEAA-2003,5
ACEAA-1999,CFEIAP-2016,1
ACEAA-1999,AAAAM-2016,1
ACEAA-1999,ACEAA-2006,5
ACEAA-1999,ISDEA-2004,1
ACEAA-1999,IVFRW-2013,1
ACEAA-1999,CAECA-2007,1
ACEAA-1999,C-2011,1
ACEAA-1999,NME-2011,1
ACEAA-1999,SPMSM-2005,1
ACEAA-1999,CAECA-2003,1
ACEAA-1999,EAAAC-2010,1
ACEAA-1999,WAE-2008,1
ACEAA-1999,AM-2000,1
ACEAA-1999,CAECA-1999,1
ACEAA-1999,JIREFC-2008,1
ACEAA-1999,CN-2016,1
ACEAA-1999,CN-2014,1
ACEAA-1999,EIWCMR-2001,1
ACEAA-1999,CAECAE-1997,1
ACEAA-1999,JAC-1997,1
ACEAA-1999,EAAAC-2007,1
ACEAA-1999,CAEAA-2002,1
ACEAA-1999,-2016,1
ACEAA-1999,AAAAM-2012,1
ACEAA-1999,AAAAM-2010,1
ACEAA-1999,CAECAIE-2005,1
ACEAA-1999,FI-2015,1
ACEAA-1999,EPUCCSF-2004,1
ACEAA-1999,JLEGCIES-2006,1
ACEAA-1999,MASMMAAA-2005,1
CEAA-2004,ACENJP-2015,1
CEAA-2004,WIECF-2003,1
CEAA-2004,WIECF-2005,1
CEAA-2004,EASEPUC-2006,1
CEAA-2004,RFOTSJOFAA-2012,1
CEAA-2004,WIECF-2008,1
CEAA-2004,WIECF-2009,1
CEAA-2004,JHLGC-2011,1
CEAA-2004,EPUC-2002,1
CEAA-2004,ACEAA-2001,1
CEAA-2004,FRW-2013,1
CEAA-2004,ACEAA-2003,1
CEAA-2004,CFEIAP-2016,1
CEAA-2004,AAAAM-2016,1
CEAA-2004,ACEAA-2006,1
CEAA-2004,ISDEA-2004,1
CEAA-2004,IVFRW-2013,1
CEAA-2004,CAECA-2007,1
CEAA-2004,C-2011,1
CEAA-2004,NME-2011,1
CEAA-2004,SPMSM-2005,1
CEAA-2004,CAECA-2003,1
CEAA-2004,EAAAC-2010,1
CEAA-2004,WAE-2008,1
CEAA-2004,AM-2000,1
CEAA-2004,CAECA-1999,1
CEAA-2004,JIREFC-2008,1
CEAA-2004,CN-2016,1
CEAA-2004,CN-2014,1
CEAA-2004,EIWCMR-2001,1
CEAA-2004,CAECAE-1997,1
CEAA-2004,JAC-1997,1
CEAA-2004,EAAAC-2007,1
CEAA-2004,CAEAA-2002,1
CEAA-2004,-2016,1
CEAA-2004,AAAAM-2012,1
CEAA-2004,AAAAM-2010,1
CEAA-2004,CAECAIE-2005,1
CEAA-2004,FI-2015,1
CEAA-2004,EPUCCSF-2004,1
CEAA-2004,JLEGCIES-2006,1
CEAA-2004,MASMMAAA-2005,1
ACENJP-2015,WIECF-2003,1
ACENJP-2015,WIECF-2005,1
ACENJP-2015,EASEPUC-2006,1
ACENJP-2015,RFOTSJOFAA-2012,1
ACENJP-2015,WIECF-2008,1
ACENJP-2015,WIECF-2009,1
ACENJP-2015,JHLGC-2011,1
ACENJP-2015,EPUC-2002,1
ACENJP-2015,ACEAA-2001,1
ACENJP-2015,FRW-2013,1
ACENJP-2015,ACEAA-2003,1
ACENJP-2015,CFEIAP-2016,1
ACENJP-2015,AAAAM-2016,1
ACENJP-2015,ACEAA-2006,1
ACENJP-2015,ISDEA-2004,1
ACENJP-2015,IVFRW-2013,1
ACENJP-2015,CAECA-2007,1
ACENJP-2015,C-2011,1
ACENJP-2015,NME-2011,1
ACENJP-2015,SPMSM-2005,1
ACENJP-2015,CAECA-2003,1
ACENJP-2015,EAAAC-2010,1
ACENJP-2015,WAE-2008,1
ACENJP-2015,AM-2000,1
ACENJP-2015,CAECA-1999,1
ACENJP-2015,JIREFC-2008,1
ACENJP-2015,CN-2016,1
ACENJP-2015,CN-2014,1
ACENJP-2015,EIWCMR-2001,1
ACENJP-2015,CAECAE-1997,1
ACENJP-2015,JAC-1997,1
ACENJP-2015,EAAAC-2007,1
ACENJP-2015,CAEAA-2002,1
ACENJP-2015,-2016,1
ACENJP-2015,AAAAM-2012,1
ACENJP-2015,AAAAM-2010,1
ACENJP-2015,CAECAIE-2005,1
ACENJP-2015,FI-2015,1
ACENJP-2015,EPUCCSF-2004,1
ACENJP-2015,JLEGCIES-2006,1
ACENJP-2015,MASMMAAA-2005,1
WIECF-2003,WIECF-2005,5
WIECF-2003,EASEPUC-2006,1
WIECF-2003,RFOTSJOFAA-2012,1
WIECF-2003,WIECF-2008,5
WIECF-2003,WIECF-2009,5
WIECF-2003,JHLGC-2011,1
WIECF-2003,EPUC-2002,1
WIECF-2003,ACEAA-2001,1
WIECF-2003,FRW-2013,1
WIECF-2003,ACEAA-2003,1
WIECF-2003,CFEIAP-2016,1
WIECF-2003,AAAAM-2016,1
WIECF-2003,ACEAA-2006,1
WIECF-2003,ISDEA-2004,1
WIECF-2003,IVFRW-2013,1
WIECF-2003,CAECA-2007,1
WIECF-2003,C-2011,1
WIECF-2003,NME-2011,1
WIECF-2003,SPMSM-2005,1
WIECF-2003,CAECA-2003,1
WIECF-2003,EAAAC-2010,1
WIECF-2003,WAE-2008,1
WIECF-2003,AM-2000,1
WIECF-2003,CAECA-1999,1
WIECF-2003,JIREFC-2008,1
WIECF-2003,CN-2016,1
WIECF-2003,CN-2014,1
WIECF-2003,EIWCMR-2001,1
WIECF-2003,CAECAE-1997,1
WIECF-2003,JAC-1997,1
WIECF-2003,EAAAC-2007,1
WIECF-2003,CAEAA-2002,1
WIECF-2003,-2016,1
WIECF-2003,AAAAM-2012,1
WIECF-2003,AAAAM-2010,1
WIECF-2003,CAECAIE-2005,1
WIECF-2003,FI-2015,1
WIECF-2003,EPUCCSF-2004,1
WIECF-2003,JLEGCIES-2006,1
WIECF-2003,MASMMAAA-2005,1
WIECF-2005,EASEPUC-2006,1
WIECF-2005,RFOTSJOFAA-2012,1
WIECF-2005,WIECF-2008,5
WIECF-2005,WIECF-2009,5
WIECF-2005,JHLGC-2011,1
WIECF-2005,EPUC-2002,1
WIECF-2005,ACEAA-2001,1
WIECF-2005,FRW-2013,1
WIECF-2005,ACEAA-2003,1
WIECF-2005,CFEIAP-2016,1
WIECF-2005,AAAAM-2016,1
WIECF-2005,ACEAA-2006,1
WIECF-2005,ISDEA-2004,1
WIECF-2005,IVFRW-2013,1
WIECF-2005,CAECA-2007,1
WIECF-2005,C-2011,1
WIECF-2005,NME-2011,1
WIECF-2005,SPMSM-2005,1
WIECF-2005,CAECA-2003,1
WIECF-2005,EAAAC-2010,1
WIECF-2005,WAE-2008,1
WIECF-2005,AM-2000,1
WIECF-2005,CAECA-1999,1
WIECF-2005,JIREFC-2008,1
WIECF-2005,CN-2016,1
WIECF-2005,CN-2014,1
WIECF-2005,EIWCMR-2001,1
WIECF-2005,CAECAE-1997,1
WIECF-2005,JAC-1997,1
WIECF-2005,EAAAC-2007,1
WIECF-2005,CAEAA-2002,1
WIECF-2005,-2016,1
WIECF-2005,AAAAM-2012,1
WIECF-2005,AAAAM-2010,1
WIECF-2005,CAECAIE-2005,1
WIECF-2005,FI-2015,1
WIECF-2005,EPUCCSF-2004,1
WIECF-2005,JLEGCIES-2006,1
WIECF-2005,MASMMAAA-2005,1
EASEPUC-2006,RFOTSJOFAA-2012,1
EASEPUC-2006,WIECF-2008,1
EASEPUC-2006,WIECF-2009,1
EASEPUC-2006,JHLGC-2011,1
EASEPUC-2006,EPUC-2002,1
EASEPUC-2006,ACEAA-2001,1
EASEPUC-2006,FRW-2013,1
EASEPUC-2006,ACEAA-2003,1
EASEPUC-2006,CFEIAP-2016,1
EASEPUC-2006,AAAAM-2016,1
EASEPUC-2006,ACEAA-2006,1
EASEPUC-2006,ISDEA-2004,1
EASEPUC-2006,IVFRW-2013,1
EASEPUC-2006,CAECA-2007,1
EASEPUC-2006,C-2011,1
EASEPUC-2006,NME-2011,1
EASEPUC-2006,SPMSM-2005,1
EASEPUC-2006,CAECA-2003,1
EASEPUC-2006,EAAAC-2010,1
EASEPUC-2006,WAE-2008,1
EASEPUC-2006,AM-2000,1
EASEPUC-2006,CAECA-1999,1
EASEPUC-2006,JIREFC-2008,1
EASEPUC-2006,CN-2016,1
EASEPUC-2006,CN-2014,1
EASEPUC-2006,EIWCMR-2001,1
EASEPUC-2006,CAECAE-1997,1
EASEPUC-2006,JAC-1997,1
EASEPUC-2006,EAAAC-2007,1
EASEPUC-2006,CAEAA-2002,1
EASEPUC-2006,-2016,1
EASEPUC-2006,AAAAM-2012,1
EASEPUC-2006,AAAAM-2010,1
EASEPUC-2006,CAECAIE-2005,1
EASEPUC-2006,FI-2015,1
EASEPUC-2006,EPUCCSF-2004,1
EASEPUC-2006,JLEGCIES-2006,1
EASEPUC-2006,MASMMAAA-2005,1
RFOTSJOFAA-2012,WIECF-2008,1
RFOTSJOFAA-2012,WIECF-2009,1
RFOTSJOFAA-2012,JHLGC-2011,1
RFOTSJOFAA-2012,EPUC-2002,1
RFOTSJOFAA-2012,ACEAA-2001,1
RFOTSJOFAA-2012,FRW-2013,1
RFOTSJOFAA-2012,ACEAA-2003,1
RFOTSJOFAA-2012,CFEIAP-2016,1
RFOTSJOFAA-2012,AAAAM-2016,1
RFOTSJOFAA-2012,ACEAA-2006,1
RFOTSJOFAA-2012,ISDEA-2004,1
RFOTSJOFAA-2012,IVFRW-2013,1
RFOTSJOFAA-2012,CAECA-2007,1
RFOTSJOFAA-2012,C-2011,1
RFOTSJOFAA-2012,NME-2011,1
RFOTSJOFAA-2012,SPMSM-2005,1
RFOTSJOFAA-2012,CAECA-2003,1
RFOTSJOFAA-2012,EAAAC-2010,1
RFOTSJOFAA-2012,WAE-2008,1
RFOTSJOFAA-2012,AM-2000,1
RFOTSJOFAA-2012,CAECA-1999,1
RFOTSJOFAA-2012,JIREFC-2008,1
RFOTSJOFAA-2012,CN-2016,1
RFOTSJOFAA-2012,CN-2014,1
RFOTSJOFAA-2012,EIWCMR-2001,1
RFOTSJOFAA-2012,CAECAE-1997,1
RFOTSJOFAA-2012,JAC-1997,1
RFOTSJOFAA-2012,EAAAC-2007,1
RFOTSJOFAA-2012,CAEAA-2002,1
RFOTSJOFAA-2012,-2016,1
RFOTSJOFAA-2012,AAAAM-2012,1
RFOTSJOFAA-2012,AAAAM-2010,1
RFOTSJOFAA-2012,CAECAIE-2005,1
RFOTSJOFAA-2012,FI-2015,1
RFOTSJOFAA-2012,EPUCCSF-2004,1
RFOTSJOFAA-2012,JLEGCIES-2006,1
RFOTSJOFAA-2012,MASMMAAA-2005,1
WIECF-2008,WIECF-2009,5
WIECF-2008,JHLGC-2011,1
WIECF-2008,EPUC-2002,1
WIECF-2008,ACEAA-2001,1
WIECF-2008,FRW-2013,1
WIECF-2008,ACEAA-2003,1
WIECF-2008,CFEIAP-2016,1
WIECF-2008,AAAAM-2016,1
WIECF-2008,ACEAA-2006,1
WIECF-2008,ISDEA-2004,1
WIECF-2008,IVFRW-2013,1
WIECF-2008,CAECA-2007,1
WIECF-2008,C-2011,1
WIECF-2008,NME-2011,1
WIECF-2008,SPMSM-2005,1
WIECF-2008,CAECA-2003,1
WIECF-2008,EAAAC-2010,1
WIECF-2008,WAE-2008,1
WIECF-2008,AM-2000,1
WIECF-2008,CAECA-1999,1
WIECF-2008,JIREFC-2008,1
WIECF-2008,CN-2016,1
WIECF-2008,CN-2014,1
WIECF-2008,EIWCMR-2001,1
WIECF-2008,CAECAE-1997,1
WIECF-2008,JAC-1997,1
WIECF-2008,EAAAC-2007,1
WIECF-2008,CAEAA-2002,1
WIECF-2008,-2016,1
WIECF-2008,AAAAM-2012,1
WIECF-2008,AAAAM-2010,1
WIECF-2008,CAECAIE-2005,1
WIECF-2008,FI-2015,1
WIECF-2008,EPUCCSF-2004,1
WIECF-2008,JLEGCIES-2006,1
WIECF-2008,MASMMAAA-2005,1
WIECF-2009,JHLGC-2011,1
WIECF-2009,EPUC-2002,1
WIECF-2009,ACEAA-2001,1
WIECF-2009,FRW-2013,1
WIECF-2009,ACEAA-2003,1
WIECF-2009,CFEIAP-2016,1
WIECF-2009,AAAAM-2016,1
WIECF-2009,ACEAA-2006,1
WIECF-2009,ISDEA-2004,1
WIECF-2009,IVFRW-2013,1
WIECF-2009,CAECA-2007,1
WIECF-2009,C-2011,1
WIECF-2009,NME-2011,1
WIECF-2009,SPMSM-2005,1
WIECF-2009,CAECA-2003,1
WIECF-2009,EAAAC-2010,1
WIECF-2009,WAE-2008,1
WIECF-2009,AM-2000,1
WIECF-2009,CAECA-1999,1
WIECF-2009,JIREFC-2008,1
WIECF-2009,CN-2016,1
WIECF-2009,CN-2014,1
WIECF-2009,EIWCMR-2001,1
WIECF-2009,CAECAE-1997,1
WIECF-2009,JAC-1997,1
WIECF-2009,EAAAC-2007,1
WIECF-2009,CAEAA-2002,1
WIECF-2009,-2016,1
WIECF-2009,AAAAM-2012,1
WIECF-2009,AAAAM-2010,1
WIECF-2009,CAECAIE-2005,1
WIECF-2009,FI-2015,1
WIECF-2009,EPUCCSF-2004,1
WIECF-2009,JLEGCIES-2006,1
WIECF-2009,MASMMAAA-2005,1
JHLGC-2011,EPUC-2002,1
JHLGC-2011,ACEAA-2001,1
JHLGC-2011,FRW-2013,1
JHLGC-2011,ACEAA-2003,1
JHLGC-2011,CFEIAP-2016,1
JHLGC-2011,AAAAM-2016,1
JHLGC-2011,ACEAA-2006,1
JHLGC-2011,ISDEA-2004,1
JHLGC-2011,IVFRW-2013,1
JHLGC-2011,CAECA-2007,1
JHLGC-2011,C-2011,1
JHLGC-2011,NME-2011,1
JHLGC-2011,SPMSM-2005,1
JHLGC-2011,CAECA-2003,1
JHLGC-2011,EAAAC-2010,1
JHLGC-2011,WAE-2008,1
JHLGC-2011,AM-2000,1
JHLGC-2011,CAECA-1999,1
JHLGC-2011,JIREFC-2008,1
JHLGC-2011,CN-2016,1
JHLGC-2011,CN-2014,1
JHLGC-2011,EIWCMR-2001,1
JHLGC-2011,CAECAE-1997,1
JHLGC-2011,JAC-1997,1
JHLGC-2011,EAAAC-2007,1
JHLGC-2011,CAEAA-2002,1
JHLGC-2011,-2016,1
JHLGC-2011,AAAAM-2012,1
JHLGC-2011,AAAAM-2010,1
JHLGC-2011,CAECAIE-2005,1
JHLGC-2011,FI-2015,1
JHLGC-2011,EPUCCSF-2004,1
JHLGC-2011,JLEGCIES-2006,1
JHLGC-2011,MASMMAAA-2005,1
EPUC-2002,ACEAA-2001,1
EPUC-2002,FRW-2013,1
EPUC-2002,ACEAA-2003,1
EPUC-2002,CFEIAP-2016,1
EPUC-2002,AAAAM-2016,1
EPUC-2002,ACEAA-2006,1
EPUC-2002,ISDEA-2004,1
EPUC-2002,IVFRW-2013,1
EPUC-2002,CAECA-2007,1
EPUC-2002,C-2011,1
EPUC-2002,NME-2011,1
EPUC-2002,SPMSM-2005,1
EPUC-2002,CAECA-2003,1
EPUC-2002,EAAAC-2010,1
EPUC-2002,WAE-2008,1
EPUC-2002,AM-2000,1
EPUC-2002,CAECA-1999,1
EPUC-2002,JIREFC-2008,1
EPUC-2002,CN-2016,1
EPUC-2002,CN-2014,1
EPUC-2002,EIWCMR-2001,1
EPUC-2002,CAECAE-1997,1
EPUC-2002,JAC-1997,1
EPUC-2002,EAAAC-2007,1
EPUC-2002,CAEAA-2002,1
EPUC-2002,-2016,1
EPUC-2002,AAAAM-2012,1
EPUC-2002,AAAAM-2010,1
EPUC-2002,CAECAIE-2005,1
EPUC-2002,FI-2015,1
EPUC-2002,EPUCCSF-2004,1
EPUC-2002,JLEGCIES-2006,1
EPUC-2002,MASMMAAA-2005,1
ACEAA-2001,FRW-2013,1
ACEAA-2001,ACEAA-2003,5
ACEAA-2001,CFEIAP-2016,1
ACEAA-2001,AAAAM-2016,1
ACEAA-2001,ACEAA-2006,5
ACEAA-2001,ISDEA-2004,1
ACEAA-2001,IVFRW-2013,1
ACEAA-2001,CAECA-2007,1
ACEAA-2001,C-2011,1
ACEAA-2001,NME-2011,1
ACEAA-2001,SPMSM-2005,1
ACEAA-2001,CAECA-2003,1
ACEAA-2001,EAAAC-2010,1
ACEAA-2001,WAE-2008,1
ACEAA-2001,AM-2000,1
ACEAA-2001,CAECA-1999,1
ACEAA-2001,JIREFC-2008,1
ACEAA-2001,CN-2016,1
ACEAA-2001,CN-2014,1
ACEAA-2001,EIWCMR-2001,1
ACEAA-2001,CAECAE-1997,1
ACEAA-2001,JAC-1997,1
ACEAA-2001,EAAAC-2007,1
ACEAA-2001,CAEAA-2002,1
ACEAA-2001,-2016,1
ACEAA-2001,AAAAM-2012,1
ACEAA-2001,AAAAM-2010,1
ACEAA-2001,CAECAIE-2005,1
ACEAA-2001,FI-2015,1
ACEAA-2001,EPUCCSF-2004,1
ACEAA-2001,JLEGCIES-2006,1
ACEAA-2001,MASMMAAA-2005,1
FRW-2013,ACEAA-2003,1
FRW-2013,CFEIAP-2016,1
FRW-2013,AAAAM-2016,1
FRW-2013,ACEAA-2006,1
FRW-2013,ISDEA-2004,1
FRW-2013,IVFRW-2013,1
FRW-2013,CAECA-2007,1
FRW-2013,C-2011,1
FRW-2013,NME-2011,1
FRW-2013,SPMSM-2005,1
FRW-2013,CAECA-2003,1
FRW-2013,EAAAC-2010,1
FRW-2013,WAE-2008,1
FRW-2013,AM-2000,1
FRW-2013,CAECA-1999,1
FRW-2013,JIREFC-2008,1
FRW-2013,CN-2016,1
FRW-2013,CN-2014,1
FRW-2013,EIWCMR-2001,1
FRW-2013,CAECAE-1997,1
FRW-2013,JAC-1997,1
FRW-2013,EAAAC-2007,1
FRW-2013,CAEAA-2002,1
FRW-2013,-2016,1
FRW-2013,AAAAM-2012,1
FRW-2013,AAAAM-2010,1
FRW-2013,CAECAIE-2005,1
FRW-2013,FI-2015,1
FRW-2013,EPUCCSF-2004,1
FRW-2013,JLEGCIES-2006,1
FRW-2013,MASMMAAA-2005,1
ACEAA-2003,CFEIAP-2016,1
ACEAA-2003,AAAAM-2016,1
ACEAA-2003,ACEAA-2006,5
ACEAA-2003,ISDEA-2004,1
ACEAA-2003,IVFRW-2013,1
ACEAA-2003,CAECA-2007,1
ACEAA-2003,C-2011,1
ACEAA-2003,NME-2011,1
ACEAA-2003,SPMSM-2005,1
ACEAA-2003,CAECA-2003,1
ACEAA-2003,EAAAC-2010,1
ACEAA-2003,WAE-2008,1
ACEAA-2003,AM-2000,1
ACEAA-2003,CAECA-1999,1
ACEAA-2003,JIREFC-2008,1
ACEAA-2003,CN-2016,1
ACEAA-2003,CN-2014,1
ACEAA-2003,EIWCMR-2001,1
ACEAA-2003,CAECAE-1997,1
ACEAA-2003,JAC-1997,1
ACEAA-2003,EAAAC-2007,1
ACEAA-2003,CAEAA-2002,1
ACEAA-2003,-2016,1
ACEAA-2003,AAAAM-2012,1
ACEAA-2003,AAAAM-2010,1
ACEAA-2003,CAECAIE-2005,1
ACEAA-2003,FI-2015,1
ACEAA-2003,EPUCCSF-2004,1
ACEAA-2003,JLEGCIES-2006,1
ACEAA-2003,MASMMAAA-2005,1
CFEIAP-2016,AAAAM-2016,1
CFEIAP-2016,ACEAA-2006,1
CFEIAP-2016,ISDEA-2004,1
CFEIAP-2016,IVFRW-2013,1
CFEIAP-2016,CAECA-2007,1
CFEIAP-2016,C-2011,1
CFEIAP-2016,NME-2011,1
CFEIAP-2016,SPMSM-2005,1
CFEIAP-2016,CAECA-2003,1
CFEIAP-2016,EAAAC-2010,1
CFEIAP-2016,WAE-2008,1
CFEIAP-2016,AM-2000,1
CFEIAP-2016,CAECA-1999,1
CFEIAP-2016,JIREFC-2008,1
CFEIAP-2016,CN-2016,1
CFEIAP-2016,CN-2014,1
CFEIAP-2016,EIWCMR-2001,1
CFEIAP-2016,CAECAE-1997,1
CFEIAP-2016,JAC-1997,1
CFEIAP-2016,EAAAC-2007,1
CFEIAP-2016,CAEAA-2002,1
CFEIAP-2016,-2016,1
CFEIAP-2016,AAAAM-2012,1
CFEIAP-2016,AAAAM-2010,1
CFEIAP-2016,CAECAIE-2005,1
CFEIAP-2016,FI-2015,1
CFEIAP-2016,EPUCCSF-2004,1
CFEIAP-2016,JLEGCIES-2006,1
CFEIAP-2016,MASMMAAA-2005,1
AAAAM-2016,ACEAA-2006,1
AAAAM-2016,ISDEA-2004,1
AAAAM-2016,IVFRW-2013,1
AAAAM-2016,CAECA-2007,1
AAAAM-2016,C-2011,1
AAAAM-2016,NME-2011,1
AAAAM-2016,SPMSM-2005,1
AAAAM-2016,CAECA-2003,1
AAAAM-2016,EAAAC-2010,1
AAAAM-2016,WAE-2008,1
AAAAM-2016,AM-2000,1
AAAAM-2016,CAECA-1999,1
AAAAM-2016,JIREFC-2008,1
AAAAM-2016,CN-2016,1
AAAAM-2016,CN-2014,1
AAAAM-2016,EIWCMR-2001,1
AAAAM-2016,CAECAE-1997,1
AAAAM-2016,JAC-1997,1
AAAAM-2016,EAAAC-2007,1
AAAAM-2016,CAEAA-2002,1
AAAAM-2016,-2016,1
AAAAM-2016,AAAAM-2012,5
AAAAM-2016,AAAAM-2010,5
AAAAM-2016,CAECAIE-2005,1
AAAAM-2016,FI-2015,1
AAAAM-2016,EPUCCSF-2004,1
AAAAM-2016,JLEGCIES-2006,1
AAAAM-2016,MASMMAAA-2005,1
ACEAA-2006,ISDEA-2004,1
ACEAA-2006,IVFRW-2013,1
ACEAA-2006,CAECA-2007,1
ACEAA-2006,C-2011,1
ACEAA-2006,NME-2011,1
ACEAA-2006,SPMSM-2005,1
ACEAA-2006,CAECA-2003,1
ACEAA-2006,EAAAC-2010,1
ACEAA-2006,WAE-2008,1
ACEAA-2006,AM-2000,1
ACEAA-2006,CAECA-1999,1
ACEAA-2006,JIREFC-2008,1
ACEAA-2006,CN-2016,1
ACEAA-2006,CN-2014,1
ACEAA-2006,EIWCMR-2001,1
ACEAA-2006,CAECAE-1997,1
ACEAA-2006,JAC-1997,1
ACEAA-2006,EAAAC-2007,1
ACEAA-2006,CAEAA-2002,1
ACEAA-2006,-2016,1
ACEAA-2006,AAAAM-2012,1
ACEAA-2006,AAAAM-2010,1
ACEAA-2006,CAECAIE-2005,1
ACEAA-2006,FI-2015,1
ACEAA-2006,EPUCCSF-2004,1
ACEAA-2006,JLEGCIES-2006,1
ACEAA-2006,MASMMAAA-2005,1
ISDEA-2004,IVFRW-2013,1
ISDEA-2004,CAECA-2007,1
ISDEA-2004,C-2011,1
ISDEA-2004,NME-2011,1
ISDEA-2004,SPMSM-2005,1
ISDEA-2004,CAECA-2003,1
ISDEA-2004,EAAAC-2010,1
ISDEA-2004,WAE-2008,1
ISDEA-2004,AM-2000,1
ISDEA-2004,CAECA-1999,1
ISDEA-2004,JIREFC-2008,1
ISDEA-2004,CN-2016,1
ISDEA-2004,CN-2014,1
ISDEA-2004,EIWCMR-2001,1
ISDEA-2004,CAECAE-1997,1
ISDEA-2004,JAC-1997,1
ISDEA-2004,EAAAC-2007,1
ISDEA-2004,CAEAA-2002,1
ISDEA-2004,-2016,1
ISDEA-2004,AAAAM-2012,1
ISDEA-2004,AAAAM-2010,1
ISDEA-2004,CAECAIE-2005,1
ISDEA-2004,FI-2015,1
ISDEA-2004,EPUCCSF-2004,1
ISDEA-2004,JLEGCIES-2006,1
ISDEA-2004,MASMMAAA-2005,1
IVFRW-2013,CAECA-2007,1
IVFRW-2013,C-2011,1
IVFRW-2013,NME-2011,1
IVFRW-2013,SPMSM-2005,1
IVFRW-2013,CAECA-2003,1
IVFRW-2013,EAAAC-2010,1
IVFRW-2013,WAE-2008,1
IVFRW-2013,AM-2000,1
IVFRW-2013,CAECA-1999,1
IVFRW-2013,JIREFC-2008,1
IVFRW-2013,CN-2016,1
IVFRW-2013,CN-2014,1
IVFRW-2013,EIWCMR-2001,1
IVFRW-2013,CAECAE-1997,1
IVFRW-2013,JAC-1997,1
IVFRW-2013,EAAAC-2007,1
IVFRW-2013,CAEAA-2002,1
IVFRW-2013,-2016,1
IVFRW-2013,AAAAM-2012,1
IVFRW-2013,AAAAM-2010,1
IVFRW-2013,CAECAIE-2005,1
IVFRW-2013,FI-2015,1
IVFRW-2013,EPUCCSF-2004,1
IVFRW-2013,JLEGCIES-2006,1
IVFRW-2013,MASMMAAA-2005,1
CAECA-2007,C-2011,1
CAECA-2007,NME-2011,1
CAECA-2007,SPMSM-2005,1
CAECA-2007,CAECA-2003,5
CAECA-2007,EAAAC-2010,1
CAECA-2007,WAE-2008,1
CAECA-2007,AM-2000,1
CAECA-2007,CAECA-1999,5
CAECA-2007,JIREFC-2008,1
CAECA-2007,CN-2016,1
CAECA-2007,CN-2014,1
CAECA-2007,EIWCMR-2001,1
CAECA-2007,CAECAE-1997,1
CAECA-2007,JAC-1997,1
CAECA-2007,EAAAC-2007,1
CAECA-2007,CAEAA-2002,1
CAECA-2007,-2016,1
CAECA-2007,AAAAM-2012,1
CAECA-2007,AAAAM-2010,1
CAECA-2007,CAECAIE-2005,1
CAECA-2007,FI-2015,1
CAECA-2007,EPUCCSF-2004,1
CAECA-2007,JLEGCIES-2006,1
CAECA-2007,MASMMAAA-2005,1
C-2011,NME-2011,1
C-2011,SPMSM-2005,1
C-2011,CAECA-2003,1
C-2011,EAAAC-2010,1
C-2011,WAE-2008,1
C-2011,AM-2000,1
C-2011,CAECA-1999,1
C-2011,JIREFC-2008,1
C-2011,CN-2016,1
C-2011,CN-2014,1
C-2011,EIWCMR-2001,1
C-2011,CAECAE-1997,1
C-2011,JAC-1997,1
C-2011,EAAAC-2007,1
C-2011,CAEAA-2002,1
C-2011,-2016,1
C-2011,AAAAM-2012,1
C-2011,AAAAM-2010,1
C-2011,CAECAIE-2005,1
C-2011,FI-2015,1
C-2011,EPUCCSF-2004,1
C-2011,JLEGCIES-2006,1
C-2011,MASMMAAA-2005,1
NME-2011,SPMSM-2005,1
NME-2011,CAECA-2003,1
NME-2011,EAAAC-2010,1
NME-2011,WAE-2008,1
NME-2011,AM-2000,1
NME-2011,CAECA-1999,1
NME-2011,JIREFC-2008,1
NME-2011,CN-2016,1
NME-2011,CN-2014,1
NME-2011,EIWCMR-2001,1
NME-2011,CAECAE-1997,1
NME-2011,JAC-1997,1
NME-2011,EAAAC-2007,1
NME-2011,CAEAA-2002,1
NME-2011,-2016,1
NME-2011,AAAAM-2012,1
NME-2011,AAAAM-2010,1
NME-2011,CAECAIE-2005,1
NME-2011,FI-2015,1
NME-2011,EPUCCSF-2004,1
NME-2011,JLEGCIES-2006,1
NME-2011,MASMMAAA-2005,1
SPMSM-2005,CAECA-2003,1
SPMSM-2005,EAAAC-2010,1
SPMSM-2005,WAE-2008,1
SPMSM-2005,AM-2000,1
SPMSM-2005,CAECA-1999,1
SPMSM-2005,JIREFC-2008,1
SPMSM-2005,CN-2016,1
SPMSM-2005,CN-2014,1
SPMSM-2005,EIWCMR-2001,1
SPMSM-2005,CAECAE-1997,1
SPMSM-2005,JAC-1997,1
SPMSM-2005,EAAAC-2007,1
SPMSM-2005,CAEAA-2002,1
SPMSM-2005,-2016,1
SPMSM-2005,AAAAM-2012,1
SPMSM-2005,AAAAM-2010,1
SPMSM-2005,CAECAIE-2005,1
SPMSM-2005,FI-2015,1
SPMSM-2005,EPUCCSF-2004,1
SPMSM-2005,JLEGCIES-2006,1
SPMSM-2005,MASMMAAA-2005,1
CAECA-2003,EAAAC-2010,1
CAECA-2003,WAE-2008,1
CAECA-2003,AM-2000,1
CAECA-2003,CAECA-1999,5
CAECA-2003,JIREFC-2008,1
CAECA-2003,CN-2016,1
CAECA-2003,CN-2014,1
CAECA-2003,EIWCMR-2001,1
CAECA-2003,CAECAE-1997,1
CAECA-2003,JAC-1997,1
CAECA-2003,EAAAC-2007,1
CAECA-2003,CAEAA-2002,1
CAECA-2003,-2016,1
CAECA-2003,AAAAM-2012,1
CAECA-2003,AAAAM-2010,1
CAECA-2003,CAECAIE-2005,1
CAECA-2003,FI-2015,1
CAECA-2003,EPUCCSF-2004,1
CAECA-2003,JLEGCIES-2006,1
CAECA-2003,MASMMAAA-2005,1
EAAAC-2010,WAE-2008,1
EAAAC-2010,AM-2000,1
EAAAC-2010,CAECA-1999,1
EAAAC-2010,JIREFC-2008,1
EAAAC-2010,CN-2016,1
EAAAC-2010,CN-2014,1
EAAAC-2010,EIWCMR-2001,1
EAAAC-2010,CAECAE-1997,1
EAAAC-2010,JAC-1997,1
EAAAC-2010,EAAAC-2007,5
EAAAC-2010,CAEAA-2002,1
EAAAC-2010,-2016,1
EAAAC-2010,AAAAM-2012,1
EAAAC-2010,AAAAM-2010,1
EAAAC-2010,CAECAIE-2005,1
EAAAC-2010,FI-2015,1
EAAAC-2010,EPUCCSF-2004,1
EAAAC-2010,JLEGCIES-2006,1
EAAAC-2010,MASMMAAA-2005,1
WAE-2008,AM-2000,1
WAE-2008,CAECA-1999,1
WAE-2008,JIREFC-2008,1
WAE-2008,CN-2016,1
WAE-2008,CN-2014,1
WAE-2008,EIWCMR-2001,1
WAE-2008,CAECAE-1997,1
WAE-2008,JAC-1997,1
WAE-2008,EAAAC-2007,1
WAE-2008,CAEAA-2002,1
WAE-2008,-2016,1
WAE-2008,AAAAM-2012,1
WAE-2008,AAAAM-2010,1
WAE-2008,CAECAIE-2005,1
WAE-2008,FI-2015,1
WAE-2008,EPUCCSF-2004,1
WAE-2008,JLEGCIES-2006,1
WAE-2008,MASMMAAA-2005,1
AM-2000,CAECA-1999,1
AM-2000,JIREFC-2008,1
AM-2000,CN-2016,1
AM-2000,CN-2014,1
AM-2000,EIWCMR-2001,1
AM-2000,CAECAE-1997,1
AM-2000,JAC-1997,1
AM-2000,EAAAC-2007,1
AM-2000,CAEAA-2002,1
AM-2000,-2016,1
AM-2000,AAAAM-2012,1
AM-2000,AAAAM-2010,1
AM-2000,CAECAIE-2005,1
AM-2000,FI-2015,1
AM-2000,EPUCCSF-2004,1
AM-2000,JLEGCIES-2006,1
AM-2000,MASMMAAA-2005,1
CAECA-1999,JIREFC-2008,1
CAECA-1999,CN-2016,1
CAECA-1999,CN-2014,1
CAECA-1999,EIWCMR-2001,1
CAECA-1999,CAECAE-1997,1
CAECA-1999,JAC-1997,1
CAECA-1999,EAAAC-2007,1
CAECA-1999,CAEAA-2002,1
CAECA-1999,-2016,1
CAECA-1999,AAAAM-2012,1
CAECA-1999,AAAAM-2010,1
CAECA-1999,CAECAIE-2005,1
CAECA-1999,FI-2015,1
CAECA-1999,EPUCCSF-2004,1
CAECA-1999,JLEGCIES-2006,1
CAECA-1999,MASMMAAA-2005,1
JIREFC-2008,CN-2016,1
JIREFC-2008,CN-2014,1
JIREFC-2008,EIWCMR-2001,1
JIREFC-2008,CAECAE-1997,1
JIREFC-2008,JAC-1997,1
JIREFC-2008,EAAAC-2007,1
JIREFC-2008,CAEAA-2002,1
JIREFC-2008,-2016,1
JIREFC-2008,AAAAM-2012,1
JIREFC-2008,AAAAM-2010,1
JIREFC-2008,CAECAIE-2005,1
JIREFC-2008,FI-2015,1
JIREFC-2008,EPUCCSF-2004,1
JIREFC-2008,JLEGCIES-2006,1
JIREFC-2008,MASMMAAA-2005,1
CN-2016,CN-2014,5
CN-2016,EIWCMR-2001,1
CN-2016,CAECAE-1997,1
CN-2016,JAC-1997,1
CN-2016,EAAAC-2007,1
CN-2016,CAEAA-2002,1
CN-2016,-2016,1
CN-2016,AAAAM-2012,1
CN-2016,AAAAM-2010,1
CN-2016,CAECAIE-2005,1
CN-2016,FI-2015,1
CN-2016,EPUCCSF-2004,1
CN-2016,JLEGCIES-2006,1
CN-2016,MASMMAAA-2005,1
CN-2014,EIWCMR-2001,1
CN-2014,CAECAE-1997,1
CN-2014,JAC-1997,1
CN-2014,EAAAC-2007,1
CN-2014,CAEAA-2002,1
CN-2014,-2016,1
CN-2014,AAAAM-2012,1
CN-2014,AAAAM-2010,1
CN-2014,CAECAIE-2005,1
CN-2014,FI-2015,1
CN-2014,EPUCCSF-2004,1
CN-2014,JLEGCIES-2006,1
CN-2014,MASMMAAA-2005,1
EIWCMR-2001,CAECAE-1997,1
EIWCMR-2001,JAC-1997,1
EIWCMR-2001,EAAAC-2007,1
EIWCMR-2001,CAEAA-2002,1
EIWCMR-2001,-2016,1
EIWCMR-2001,AAAAM-2012,1
EIWCMR-2001,AAAAM-2010,1
EIWCMR-2001,CAECAIE-2005,1
EIWCMR-2001,FI-2015,1
EIWCMR-2001,EPUCCSF-2004,1
EIWCMR-2001,JLEGCIES-2006,1
EIWCMR-2001,MASMMAAA-2005,1
CAECAE-1997,JAC-1997,1
CAECAE-1997,EAAAC-2007,1
CAECAE-1997,CAEAA-2002,1
CAECAE-1997,-2016,1
CAECAE-1997,AAAAM-2012,1
CAECAE-1997,AAAAM-2010,1
CAECAE-1997,CAECAIE-2005,1
CAECAE-1997,FI-2015,1
CAECAE-1997,EPUCCSF-2004,1
CAECAE-1997,JLEGCIES-2006,1
CAECAE-1997,MASMMAAA-2005,1
JAC-1997,EAAAC-2007,1
JAC-1997,CAEAA-2002,1
JAC-1997,-2016,1
JAC-1997,AAAAM-2012,1
JAC-1997,AAAAM-2010,1
JAC-1997,CAECAIE-2005,1
JAC-1997,FI-2015,1
JAC-1997,EPUCCSF-2004,1
JAC-1997,JLEGCIES-2006,1
JAC-1997,MASMMAAA-2005,1
EAAAC-2007,CAEAA-2002,1
EAAAC-2007,-2016,1
EAAAC-2007,AAAAM-2012,1
EAAAC-2007,AAAAM-2010,1
EAAAC-2007,CAECAIE-2005,1
EAAAC-2007,FI-2015,1
EAAAC-2007,EPUCCSF-2004,1
EAAAC-2007,JLEGCIES-2006,1
EAAAC-2007,MASMMAAA-2005,1
CAEAA-2002,-2016,1
CAEAA-2002,AAAAM-2012,1
CAEAA-2002,AAAAM-2010,1
CAEAA-2002,CAECAIE-2005,1
CAEAA-2002,FI-2015,1
CAEAA-2002,EPUCCSF-2004,1
CAEAA-2002,JLEGCIES-2006,1
CAEAA-2002,MASMMAAA-2005,1
-2016,AAAAM-2012,1
-2016,AAAAM-2010,1
-2016,CAECAIE-2005,1
-2016,FI-2015,1
-2016,EPUCCSF-2004,1
-2016,JLEGCIES-2006,1
-2016,MASMMAAA-2005,1
AAAAM-2012,AAAAM-2010,5
AAAAM-2012,CAECAIE-2005,1
AAAAM-2012,FI-2015,1
AAAAM-2012,EPUCCSF-2004,1
AAAAM-2012,JLEGCIES-2006,1
AAAAM-2012,MASMMAAA-2005,1
AAAAM-2010,CAECAIE-2005,1
AAAAM-2010,FI-2015,1
AAAAM-2010,EPUCCSF-2004,1
AAAAM-2010,JLEGCIES-2006,1
AAAAM-2010,MASMMAAA-2005,1
CAECAIE-2005,FI-2015,1
CAECAIE-2005,EPUCCSF-2004,1
CAECAIE-2005,JLEGCIES-2006,1
CAECAIE-2005,MASMMAAA-2005,1
FI-2015,EPUCCSF-2004,1
FI-2015,JLEGCIES-2006,1
FI-2015,MASMMAAA-2005,1
EPUCCSF-2004,JLEGCIES-2006,1
EPUCCSF-2004,MASMMAAA-2005,1
JLEGCIES-2006,MASMMAAA-2005,1
