#stopbrexit->[#jarjarbinks, #Uptown, #DC]
#JusticeLeague->[#jarjarbinks, #Uptown, #DC]
#Blender3d->[#jarjarbinks, #AunqueNoLoCreas, #StarWars!!!]
#JuevesDeGanarSeguidores->[#jarjarbinks, #AunqueNoLoCreas, #StarWars!!!]
#IzquierdosHumanos->[#Sunday, #AEMET, #LaPortada]
#MireyaSeQuedaâ€¦->[#standup4humanrights, #Sunday, #AEMET]
#foodiechats->[#standup4humanrights, #Sunday, #AEMET]
#Catalonia->[#standup4humanrights, #Sunday, #AEMET]
#Sunday->[#standup4humanrights, #trendsukâ€¦, #Tags]
#MattJohnsonTheThe->[#jarjarbinks, #Uptown, #DC]
#AdvancedScreening->[#jarjarbinks, #AunqueNoLoCreas, #StarWars!!!]
#Ø§Ù„ÙŠÙ…Ù†ðŸ˜±âœ‹->[#standup4humanrights, #Sunday, #AEMET]
#Wolverhampton->[#jarjarbinks, #AunqueNoLoCreas, #StarWars!!!]
#Ð—Ð²Ñ‘Ð·Ð´Ð½Ñ‹ÐµÐ’Ð¾Ð¹Ð½Ñ‹->[#jarjarbinks, #AunqueNoLoCreas, #StarWars!!!]
#invierno->[#Santiago, #FelicesFiestas, #YNoMeQuedeConLasGanasLaVerdad]
#Madridâ€¦->[#standup4humanrights, #Sunday, #AEMET]
#Neymar->[#Neymar, #OTNavidad2017, #OTGala7]
#TheLastJedi->[#jarjarbinks, #Uptown, #DC]
#disney->[#jarjarbinks, #Uptown, #DC]
#PorgNation->[#jarjarbinks, #AunqueNoLoCreas, #StarWars!!!]
#itsgoingdownforreal->[#jarjarbinks, #AunqueNoLoCreas, #StarWars!!!]
#StarWarsLesDerniersJedi->[#jarjarbinks, #AunqueNoLoCreas, #StarWars!!!]
#WDS->[#jarjarbinks, #Uptown, #DC]
#FiftyShades->[#jarjarbinks, #AunqueNoLoCreas, #StarWars!!!]
#Basildon->[#jarjarbinks, #AunqueNoLoCreas, #StarWars!!!]
#CALENDRIERDELAVENT->[#jarjarbinks, #AunqueNoLoCreas, #StarWars!!!]
#bots->[#bots]
#HumanRights->[#10Dic, #DDHH, #DUDH]
#photooftheday->[#standup4humanrights, #Sunday, #AEMET]
#typographyâ€¦->[#jarjarbinks, #Uptown, #DC]
#Siguemeâ€¦->[#standup4humanrights, #Sunday, #AEMET]
#PrioridadMunicipales2017->[#standup4humanrights, #Sunday, #AEMET]
#design->[#jarjarbinks, #DC, #Uptown]
#Mundo->[#standup4humanrights, #Sunday, #AEMET]
#DondeElSolSeHaceDulce->[#standup4humanrights, #trendsukâ€¦, #Tags]
#fbpe->[#jarjarbinks, #Uptown, #DC]
#HappyHanukkah->[#jarjarbinks, #Uptown, #DC]
#reylo->[#jarjarbinks, #AunqueNoLoCreas, #StarWars!!!]
#ForTheEmpire->[#jarjarbinks, #Uptown, #DC]
#ConocerlosParaRespetarlos->[#DiadelsDretsHumans, #HumanRightsDay, #DDHHCuba]
#DarthMaul->[#AunqueNoLoCreas, #StarWars!!!, #lowpoly]
#Elnoticieroâ€¦->[#jarjarbinks, #AunqueNoLoCreas, #StarWars!!!]
#standup4humanrights->[#Sunday, #AEMET, #LaPortada]
#Sistema->[#Sistema]
#SoyCubanoLibre->[#standup4humanrights, #Sunday, #AEMET]
#chewbaccavegan->[#DC, #Uptown, #AunqueNoLoCreas]
#porgsareamazing->[#jarjarbinks, #Uptown, #DC]
#maytheforcebewithyou->[#jarjarbinks, #DC, #Uptown]
#Coro->[#standup4humanrights, #Sunday, #AEMET]
#Samorin2017â€¦->[#standup4humanrights, #Sunday, #AEMET]
#wwfc->[#jarjarbinks, #AunqueNoLoCreas, #StarWars!!!]
#DerechoalaAlimentacion->[#standup4humanrights, #Sunday, #AEMET]
#hmvStarWars->[#jarjarbinks, #AunqueNoLoCreas, #StarWars!!!]
#TheLastJediEvent->[#TheLastJediEvent]
#mtpdaily->[#jarjarbinks, #AunqueNoLoCreas, #StarWars!!!]
#yoapoyoaMiriam->[#standup4humanrights, #Sunday, #AEMET]
#BuenDia->[#standup4humanrights, #trendsukâ€¦, #Tags]
#Dignidad->[#Sunday, #AEMET, #LaPortada]
#VamosGranca->[#standup4humanrights, #Sunday, #AEMET]
#titanic->[#Santiago, #YNoMeQuedeConLasGanasLaVerdad, #FelicesFiestas]
#SwordArtOnline->[#jarjarbinks, #giveawayâ€¦, #ArcaDeNoÃ©]
#thelastjediâ€¦->[#jarjarbinks, #Uptown, #DC]
#ãŠã‚“ãªåŸŽä¸»ç›´è™Ž->[#standup4humanrights, #Sunday, #AEMET]
#LaPeliInfantil!->[#LaPeliInfantil!]
#Unitaxi->[#DiaDeLaInmaculada, #FelizFinDeSemana, #FelizPuente]
#CaX->[#standup4humanrights, #Sunday, #AEMET]
#StarWarsLosÃšltimosJedi->[#Porg!, #StarWarsLosÃšltimosJedi!]
#ActivoFijo->[#AunqueNoLoCreas, #StarWars!!!, #StarWarsâ€¦]
#Asesinato->[#standup4humanrights, #Sunday, #AEMET]
#3AM->[#jarjarbinks, #AunqueNoLoCreas, #StarWars!!!]
#ParaTodos->[#standup4humanrights, #Sunday, #AEMET]
#mindblown->[#jarjarbinks, #AunqueNoLoCreas, #StarWars!!!]
######->[#OTDirecto8D, #Neymar, #07Dic]
#Giveaway->[#Giveaway]
#alleineimkino->[#jarjarbinks, #AunqueNoLoCreas, #StarWars!!!]
#android->[#jarjarbinks, #AunqueNoLoCreas, #StarWars!!!]
#ContestAlert!->[#jarjarbinks, #AunqueNoLoCreas, #StarWars!!!]
#FakeSpoiler->[#jarjarbinks, #AunqueNoLoCreas, #StarWars!!!]
#FelizDomingo->[#standup4humanrights, #Tags, #trendsukâ€¦]
#FelizDomingoðŸ˜„->[#Sunday, #AEMET, #LaPortada]
#GainWithPyâ€¦->[#GainWithPyâ€¦]
#CelioXStarWars->[#jarjarbinks, #Uptown, #DC]
#Galicia->[#Galicia]
#Views->[#standup4humanrights, #Sunday, #AEMET]
#DiaDeLosDerechosHumanos->[#Sunday, #AEMET, #LaPortada]
#gwiezdnewojny->[#jarjarbinks, #AunqueNoLoCreas, #StarWars!!!]
#trndnl->[#jarjarbinks, #AunqueNoLoCreas, #StarWars!!!]
#MePonesDeFiesta->[#standup4humanrights, #trendsukâ€¦, #Tags]
#Aiteda->[#standup4humanrights, #Sunday, #AEMET]
#Paraview->[#jarjarbinks, #AunqueNoLoCreas, #StarWars!!!]
#InmaculadaConcepcion->[#Sunday, #AEMET, #LaPortada]
#TrumpAgenda2018->[#jarjarbinks, #AunqueNoLoCreas, #StarWars!!!]
#Polanco->[#jarjarbinks, #AunqueNoLoCreas, #StarWars!!!]
#LaVidaEsDivertidaPor->[#standup4humanrights, #Sunday, #AEMET]
#thelastjedi->[#jarjarbinks, #Uptown, #DC]
#LukeSkywalkerâ€¦->[#jarjarbinks, #Uptown, #DC]
#LosÃšltimosJedi->[#jarjarbinks, #Uptown, #DC]
#visualorgasm->[#jarjarbinks, #AunqueNoLoCreas, #StarWars!!!]
#tbt->[#jarjarbinks, #AunqueNoLoCreas, #StarWars!!!]
#roadtobrussels->[#DiadelosDerechosHumanos, #DiadelsDretsHumans, #OTDirecto10D]
#toosoon->[#AunqueNoLoCreas, #StarWars!!!, #lowpoly]
#LaCafeteraOhCapitanMiCapitan->[#DiadelosDerechosHumanos, #DiadelsDretsHumans, #OTDirecto10D]
#BuenaVista->[#jarjarbinks, #AunqueNoLoCreas, #StarWars!!!]
#Blacanova->[#DiaDeLaInmaculada, #FelizFinDeSemana, #FelizPuente]
#hermoencuestas->[#jarjarbinks, #AunqueNoLoCreas, #StarWars!!!]
#cam->[#jarjarbinks, #AunqueNoLoCreas, #StarWars!!!]
#StarWarstheLastJedi->[#jarjarbinks, #Uptown, #DC]
#CubaðŸ‡¨ðŸ‡º->[#standup4humanrights, #trendsukâ€¦, #uksnow]
#BB8->[#jarjarbinks, #Uptown, #DC]
#OTDirecto->[#standup4humanrights, #Sunday, #AEMET]
#Siria->[#standup4humanrights, #Sunday, #AEMET]
#AitanaFavorita->[#standup4humanrights, #Sunday, #AEMET]
#LoveRunSmile->[#jarjarbinks, #AunqueNoLoCreas, #StarWars!!!]
#Salud->[#standup4humanrights, #Sunday, #AEMET]
#mipeke->[#jarjarbinks, #AunqueNoLoCreas, #StarWars!!!]
#RumboBruselasESP->[#DiadelosDerechosHumanos, #DiadelsDretsHumans, #OTDirecto10D]
#OTDirecto10D->[#standup4humanrights, #Sunday, #AEMET]
#VIERNES->[#DiaDeLaInmaculada, #FelizFinDeSemana, #FelizPuente]
#RoyMoore->[#jarjarbinks, #Uptown, #DC]
#Barbate->[#Sunday, #AEMET, #LaPortada]
#ManCity->[#ManCity]
#singluten->[#jarjarbinks, #AunqueNoLoCreas, #StarWars!!!]
#SundayMorning->[#standup4humanrights, #Sunday, #AEMET]
#navideÃ±o->[#jarjarbinks, #AunqueNoLoCreas, #StarWars!!!]
#UFOCFD->[#jarjarbinks, #AunqueNoLoCreas, #StarWars!!!]
#vivianadelnorte->[#jarjarbinks, #AunqueNoLoCreas, #StarWars!!!]
#campanacatalunyaARV->[#DiadelosDerechosHumanos, #DiadelsDretsHumans, #OTDirecto10D]
#InmaculadaConcepcionâ€¦->[#DiadelosDerechosHumanos, #DiadelsDretsHumans, #OTDirecto10D]
#TheCrown->[#Neymar, #07Dic, #Dictadura]
#FirmaOTBarcelona->[#Dictadura, #Neymar, #07Dic]
#pollmaker->[#jarjarbinks, #AunqueNoLoCreas, #StarWars!!!]
#AntiestrÃ©s->[#standup4humanrights, #Sunday, #AEMET]
#StarWarsTheLasJedi->[#jarjarbinks, #AunqueNoLoCreas, #StarWars!!!]
#Hardcore!->[#jarjarbinks, #AunqueNoLoCreas, #StarWars!!!]
#DiaDeLaInmaculada->[#DiaDeLaInmaculada, #FinDeSemana, #DomingoDeGanarSeguidores]
#penrith->[#jarjarbinks, #Uptown, #DC]
#Competi->[#standup4humanrights, #Sunday, #AEMET]
#SundayMorningâ€¦->[#SundayMorningâ€¦]
#force->[#jarjarbinks, #Uptown, #DC]
#Porg->[#jarjarbinks, #AunqueNoLoCreas, #StarWars!!!]
#ULTIMAHORA->[#ULTIMAHORA]
#becurious->[#jarjarbinks, #AunqueNoLoCreas, #StarWars!!!]
#Jedi?->[#AunqueNoLoCreas, #StarWars!!!, #StarWarsâ€¦]
#WingsTourFinalDay3->[#standup4humanrights, #Sunday, #AEMET]
#DerechosHumanos->[#standup4humanrights, #Sunday, #AEMET]
#SEO->[#standup4humanrights, #Sunday, #AEMET]
#Obsession->[#jarjarbinks, #AunqueNoLoCreas, #StarWars!!!]
#DÃ­aInternacionalDeLosDerechosAnimales->[#standup4humanrights, #Sunday, #AEMET]
#Cisjordania->[#standup4humanrights, #Sunday, #AEMET]
#EspaÃ±a->[#Sunday, #AEMET, #LaPortada]
#DarkestHour->[#jarjarbinks, #AunqueNoLoCreas, #StarWars!!!]
#refugiadas->[#standup4humanrights, #trendsukâ€¦, #Trends]
#TRLT->[#TRLT]
#Trends->[#standup4humanrights, #Sunday, #AEMET]
#SimonedeBeauvoir->[#standup4humanrights, #Sunday, #AEMET]
#SouhilaBenLachhab->[#jarjarbinks, #AunqueNoLoCreas, #StarWars!!!]
#Sonntag->[#standup4humanrights, #Sunday, #AEMET]
#BuenDomingo->[#standup4humanrights, #Sunday, #AEMET]
#AunqueNoLoCreas->[#jarjarbinks, #AunqueNoLoCreas, #StarWars!!!]
#ReviewPrimata->[#jarjarbinks, #AunqueNoLoCreas, #StarWars!!!]
#Kodak->[#jarjarbinks, #AunqueNoLoCreas, #StarWars!!!]
#HoyYSiempre->[#standup4humanrights, #Sunday, #AEMET]
#DiaDeLosDerechosHumanosÂ ->[#8Dic, ######, #Republicos]
#johnwilliams->[#jarjarbinks, #Uptown, #DC]
#PAULWESLEY->[#standup4humanrights, #Sunday, #AEMET]
#Diadelosderechodelhombre->[#Sunday, #AEMET, #LaPortada]
#BoxOffice->[#jarjarbinks, #Uptown, #DC]
#MoviePosterPorn->[#DC, #Uptown, #AunqueNoLoCreas]
#Melodieron->[#DiadelsDretsHumans, #HumanRightsDay, #DDHHCuba]
#escort->[#FelizDomingo, #escort, #Venalphysicalspa]
#estosololoarreglaiceta->[#Santiago, #FelicesFiestas, #YNoMeQuedeConLasGanasLaVerdad]
#SIGUEMEYTESIGO->[#standup4humanrights, #Sunday, #AEMET]
#iyiparti->[#jarjarbinks, #AunqueNoLoCreas, #StarWars!!!]
#Cine->[#jarjarbinks, #AunqueNoLoCreas, #StarWars!!!]
#FelizDia->[#standup4humanrights, #Sunday, #AEMET]
#OrgullososDeSerEspanoles->[#standup4humanrights, #Sunday, #AEMET]
#InfografÃ­a->[#standup4humanrights, #Sunday, #AEMET]
#YNoMeQuedeConLasGanasLaVerdad->[#standup4humanrights, #Sunday, #AEMET]
#DiadelosDerechosHumanos->[#standup4humanrights, #Sunday, #AEMET]
#ÐÐ¾Ð²Ð°ÑÐÐ²Ð°Ñ‚Ð°Ñ€ÐºÐ°->[#jarjarbinks, #AunqueNoLoCreas, #StarWars!!!]
#innovation->[#innovation]
#10->[#standup4humanrights, #trendsukâ€¦, #Tags]
#siam->[#jarjarbinks, #Uptown, #DC]
#ChristmasAdventGiveaway->[#ChristmasAdventGiveaway]
#Digital->[#jarjarbinks, #Uptown, #DC]
#google->[#jarjarbinks, #AunqueNoLoCreas, #StarWars!!!]
#Rey->[#jarjarbinks, #AunqueNoLoCreas, #StarWars!!!]
#4THMUSTER->[#4THMUSTER]
#Maracay->[#standup4humanrights, #trendsukâ€¦, #Tags]
#Paz->[#standup4humanrights, #Sunday, #AEMET]
#TheShapeofWater->[#jarjarbinks, #AunqueNoLoCreas, #StarWars!!!]
#screening!!!!->[#jarjarbinks, #Uptown, #DC]
#CheapMcSales->[#standup4humanrights, #Sunday, #AEMET]
#afectadospopular->[#Neymar, #Dictadura, #07Dic]
#gredos->[#Santiago, #YNoMeQuedeConLasGanasLaVerdad, #FelicesFiestas]
#PSOEâ€¦->[#Sunday, #AEMET, #LaPortada]
#felizdomingo->[#standup4humanrights, #Sunday, #AEMET]
#Colombia->[#standup4humanrights, #Sunday, #AEMET]
#LlibertatJordis->[#Sunday, #AEMET, #LaPortada]
#critica->[#jarjarbinks, #AunqueNoLoCreas, #StarWars!!!]
#starwarsÂ Â Â Â ->[#jarjarbinks, #AunqueNoLoCreas, #StarWars!!!]
#movietwit->[#jarjarbinks, #AunqueNoLoCreas, #StarWars!!!]
#ads->[#Sunday, #AEMET, #LaPortada]
#NetNuetralityâ€¦->[#jarjarbinks, #Uptown, #DC]
#Physicalspaâ€¦->[#FelizDomingo, #tlalpan, #cdmx]
#Descargar->[#standup4humanrights, #Sunday, #AEMET]
#LastJedi->[#jarjarbinks, #Uptown, #DC]
#viernes15->[#viernes, #viernes15]
#DLP->[#jarjarbinks, #Uptown, #DC]
#10Dicâ€¦->[#standup4humanrights, #uksnow, #trendsukâ€¦]
#OnePlanet->[#jarjarbinks, #AunqueNoLoCreas, #StarWars!!!]
#EstoSoloLoArreglaIcetaâ€¦->[#standup4humanrights, #Sunday, #AEMET]
#TeamFriends->[#standup4humanrights, #Sunday, #AEMET]
#DiaDeLosDerechosHumanosâ€¦->[#AunqueNoLoCreas, #StarWars!!!, #StarWarsâ€¦]
#crowdfunding->[#crowdfunding]
#ChewbaccaBaby->[#jarjarbinks, #AunqueNoLoCreas, #StarWars!!!]
#ÐŸÐ¾ÑÐ»ÐµÐ´Ð½Ð¸ÐµÐ”Ð¶ÐµÐ´Ð°Ð¸->[#jarjarbinks, #AunqueNoLoCreas, #StarWars!!!]
#vegan->[#DC, #Uptown, #AunqueNoLoCreas]
#TIEfighter->[#jarjarbinks, #AunqueNoLoCreas, #StarWars!!!]
#StarWars!!!->[#jarjarbinks, #AunqueNoLoCreas, #StarWars!!!]
#BuenJueves->[#jarjarbinks, #AunqueNoLoCreas, #StarWars!!!]
#Wordpress->[#standup4humanrights, #Sunday, #AEMET]
#Team228->[#AunqueNoLoCreas, #StarWars!!!, #StarWarsâ€¦]
#InmaculadaConcepcion?->[#DiaDeLaInmaculada, #FelizFinDeSemana, #FelizPuente]
#ahorasÃ­cambio->[#Santiago, #FelicesFiestas, #YNoMeQuedeConLasGanasLaVerdad]
#Cinefila->[#jarjarbinks, #AunqueNoLoCreas, #StarWars!!!]
#soon->[#jarjarbinks, #Uptown, #DC]
#EnCambio->[#Sunday, #AEMET, #LaPortada]
#StarTrek->[#jarjarbinks, #AunqueNoLoCreas, #StarWars!!!]
#OtDirecto9D->[#OtDirecto9D]
#TVPersonality2017->[#TVPersonality2017]
#MUFCâ€¦->[#MUFCâ€¦]
#nacional->[#Dictadura, #Neymar, #07Dic]
#bazar->[#jarjarbinks, #AunqueNoLoCreas, #StarWars!!!]
#NetNeutrality->[#jarjarbinks, #AunqueNoLoCreas, #StarWars!!!]
#WHUARS->[#AunqueNoLoCreas, #StarWars!!!, #StarWarsâ€¦]
#weekend->[#jarjarbinks, #Uptown, #DC]
#DÃ­adelosDerechosHumanos->[#Sunday, #AEMET, #LaPortada]
#Russiaâ€¦->[#jarjarbinks, #AunqueNoLoCreas, #StarWars!!!]
#StarMoviesSecretScreening->[#jarjarbinks, #AunqueNoLoCreas, #StarWars!!!]
#Executes->[#standup4humanrights, #Sunday, #AEMET]
#transparencia->[#Sunday, #AEMET, #LaPortada]
#Thailandâ€¦->[#Sunday, #AEMET, #LaPortada]
#ÙŠÙˆÙ…_Ø§Ù„Ø¬Ù…Ø¹Ù‡->[#ÙŠÙˆÙ…_Ø§Ù„Ø¬Ù…Ø¹Ù‡]
#almercadillo->[#standup4humanrights, #Sunday, #AEMET]
#Leads->[#standup4humanrights, #Sunday, #AEMET]
#HumanRightsâ€¦->[#standup4humanrights, #Sunday, #AEMET]
#Reylo->[#jarjarbinks, #AunqueNoLoCreas, #StarWars!!!]
#DDHH->[#standup4humanrights, #Sunday, #AEMET]
#EstoSoloLoArreglaIceta->[#standup4humanrights, #Sunday, #AEMET]
#bitcoin->[#jarjarbinks, #AunqueNoLoCreas, #StarWars!!!]
#klinewscom->[#standup4humanrights, #trendsukâ€¦, #Tags]
#BuenosDiasMundo->[#standup4humanrights, #Sunday, #AEMET]
#JazzLovers->[#standup4humanrights, #Sunday, #AEMET]
#AlzaTuVoz->[#standup4humanrights, #Sunday, #AEMET]
#AUSvENG->[#jarjarbinks, #AunqueNoLoCreas, #StarWars!!!]
#Aruvi->[#Aruvi]
#Ð·Ð²Ñ‘Ð·Ð´Ð½Ñ‹ÐµÐ²Ð¾Ð¹Ð½Ñ‹->[#jarjarbinks, #AunqueNoLoCreas, #StarWars!!!]
#Zaragoza->[#FelizPuente, #FelizFinDeSemana, #ViernesDeGanarSeguidores]
#Cataloniaâ€¦->[#standup4humanrights, #Sunday, #AEMET]
#Carlsbad->[#standup4humanrights, #Sunday, #AEMET]
#YoNoVotoxq->[#standup4humanrights, #Sunday, #AEMET]
#libertad->[#standup4humanrights, #Sunday, #AEMET]
#CepedaOT->[#standup4humanrights, #Sunday, #AEMET]
#76->[#jarjarbinks, #Uptown, #DC]
#technology->[#jarjarbinks, #Uptown, #DC]
#SHADOWHUNTERS->[#standup4humanrights, #Sunday, #AEMET]
#palestinos->[#standup4humanrights, #Sunday, #AEMET]
#Zindagikimehak->[#Zindagikimehak]
#acrylicpainting->[#AunqueNoLoCreas, #StarWars!!!, #StarWarsâ€¦]
#DaisyRidley!->[#jarjarbinks, #AunqueNoLoCreas, #StarWars!!!]
#family->[#jarjarbinks, #AunqueNoLoCreas, #StarWars!!!]
#LaRisaEsBonita704->[#standup4humanrights, #Sunday, #AEMET]
#thelastjediÂ Â Â ->[#jarjarbinks, #AunqueNoLoCreas, #StarWars!!!]
#cafe->[#jarjarbinks, #AunqueNoLoCreas, #StarWars!!!]
#MayTheSpoilersRemainInYou->[#jarjarbinks, #AunqueNoLoCreas, #StarWars!!!]
#Baristas->[#standup4humanrights, #Sunday, #AEMET]
#vivaespaÃ±a->[#standup4humanrights, #Sunday, #AEMET]
#CadaVezMasIguales->[#Sunday, #AEMET, #LaPortada]
#8dicembreÙâ€¦->[#8dicembreÙâ€¦]
#EnCaracasGanaErikaâ€¦->[#standup4humanrights, #Sunday, #AEMET]
#starwarstheforceawakens->[#DC, #Uptown, #AunqueNoLoCreas]
#togolÃ©s->[#AunqueNoLoCreas, #StarWars!!!, #StarWarsâ€¦]
#YouTube->[#DC, #Uptown, #AunqueNoLoCreas]
#federalisme->[#standup4humanrights, #Sunday, #AEMET]
#FunFact->[#jarjarbinks, #AunqueNoLoCreas, #StarWars!!!]
#movieshirtâ€¦->[#jarjarbinks, #DC, #Uptown]
#hentai->[#jarjarbinks, #AunqueNoLoCreas, #StarWars!!!]
#WeaponTraining->[#AunqueNoLoCreas, #StarWars!!!, #lowpoly]
#Edecan->[#jarjarbinks, #AunqueNoLoCreas, #StarWars!!!]
#501stLegion->[#AunqueNoLoCreas, #StarWars!!!, #lowpoly]
#lowpoly->[#jarjarbinks, #AunqueNoLoCreas, #StarWars!!!]
#KellyMarieTran->[#jarjarbinks, #Uptown, #DC]
#ShoutOutForQuds->[#jarjarbinks, #AunqueNoLoCreas, #StarWars!!!]
#realbetisatleti->[#Santiago, #YNoMeQuedeConLasGanasLaVerdad, #orgy]
#TravelTuesday->[#TravelTuesday]
#Coco->[#jarjarbinks, #Uptown, #DC]
#SnteNoticias->[#SnteNoticias]
#MudpieFridays->[#MudpieFridays]
#ALSen->[#jarjarbinks, #Uptown, #DC]
#sorteo->[#sorteo]
#LoloGonzalez->[#LoloGonzalez]
#Venezuela->[#07Dic, #Neymar, #OTDirecto8D]
#noSpoilers->[#jarjarbinks, #AunqueNoLoCreas, #StarWars!!!]
#ThingsThatJustDontGoTogether->[#ThingsThatJustDontGoTogether]
#kalipharm->[#jarjarbinks, #AunqueNoLoCreas, #StarWars!!!]
#sundaymotivation->[#standup4humanrights, #Sunday, #AEMET]
#party->[#standup4humanrights, #Sunday, #AEMET]
#palosVerdes->[#standup4humanrights, #Sunday, #AEMET]
#FelizPuente->[#FelizPuente, #FinDeSemana, #DomingoDeGanarSeguidores]
#MOVIEMADNESS70->[#jarjarbinks, #AunqueNoLoCreas, #StarWars!!!]
#geek->[#jarjarbinks, #AunqueNoLoCreas, #StarWars!!!]
#monitoresenlucha->[#standup4humanrights, #uksnow, #trendsukâ€¦]
#PitchPerfect3->[#jarjarbinks, #AunqueNoLoCreas, #StarWars!!!]
#SomosCubanosLibres->[#standup4humanrights, #Sunday, #AEMET]
#Precampanas->[#jarjarbinks, #AunqueNoLoCreas, #StarWars!!!]
#TheWalkingDead->[#jarjarbinks, #AunqueNoLoCreas, #StarWars!!!]
#Yoda->[#jarjarbinks, #Uptown, #DC]
#trendsukâ€¦->[#standup4humanrights, #Sunday, #AEMET]
#resistance->[#jarjarbinks, #Uptown, #DC]
#Cronologia->[#jarjarbinks, #Uptown, #DC]
#DeclaraciÃ³nUniversal->[#standup4humanrights, #Sunday, #AEMET]
#2wordreview->[#jarjarbinks, #AunqueNoLoCreas, #StarWars!!!]
#lazinhocomvoce->[#Santiago, #orgy, #FelicesFiestas]
#derechoalaalimentacion->[#Sunday, #AEMET, #LaPortada]
#queaforcaestejacontigo->[#jarjarbinks, #AunqueNoLoCreas, #StarWars!!!]
#Erotica->[#jarjarbinks, #AunqueNoLoCreas, #StarWars!!!]
#SpoilerAlert->[#jarjarbinks, #Uptown, #DC]
#SalvarCepeda->[#standup4humanrights, #Sunday, #AEMET]
#AlabamaSenate->[#jarjarbinks, #Uptown, #DC]
#LaPortada->[#standup4humanrights, #trendsukâ€¦, #Tags]
#StarWars->[#DC, #Uptown, #AunqueNoLoCreas]
#TÃ¼rkiyeKudÃ¼sÄ°Ã§inAyaktaÙ->[#TÃ¼rkiyeKudÃ¼sÄ°Ã§inAyaktaÙ]
#ManU->[#ManU]
#Selfieâ€¦->[#jarjarbinks, #AunqueNoLoCreas, #StarWars!!!]
#review->[#jarjarbinks, #AunqueNoLoCreas, #StarWars!!!]
#Competition->[#jarjarbinks, #AunqueNoLoCreas, #StarWars!!!]
#WonderWoman->[#jarjarbinks, #AunqueNoLoCreas, #StarWars!!!]
#BulletHead->[#jarjarbinks, #AunqueNoLoCreas, #StarWars!!!]
#DretaDecidir->[#standup4humanrights, #Sunday, #AEMET]
#StarWarsTheLastJediÂ â€¦->[#FiftyShades, #Romance, #IARTG]
#Torrance->[#standup4humanrights, #Sunday, #AEMET]
#BoxOfficeMojo->[#jarjarbinks, #Uptown, #DC]
#Cum->[#jarjarbinks, #AunqueNoLoCreas, #StarWars!!!]
#Revival->[#jarjarbinks, #AunqueNoLoCreas, #StarWars!!!]
#Biathlon->[#AunqueNoLoCreas, #StarWars!!!, #StarWarsâ€¦]
#21d->[#Santiago, #YNoMeQuedeConLasGanasLaVerdad, #FelicesFiestas]
#Baruta->[#standup4humanrights, #trendsukâ€¦, #Tags]
#WinitWednesday->[#WinitWednesday]
#R2D2->[#jarjarbinks, #AunqueNoLoCreas, #StarWars!!!]
#NotLightsabers->[#AunqueNoLoCreas, #StarWars!!!, #lowpoly]
#KeepPortlandWeirdâ€¦->[#DC, #Uptown, #AunqueNoLoCreas]
#BuenDomingoâ€¦->[#standup4humanrights, #Tags, #trendsukâ€¦]
#BTS->[#BTS]
#GirlBossâ€¦->[#jarjarbinks, #Uptown, #DC]
#diadelosderechoshumanos->[#orgybestâ€¦, #YNoMeQuedeConLasGanasLaVerdad, #orgy]
#HanSolo->[#DC, #Uptown, #AunqueNoLoCreas]
#Santiago->[#FelicesFiestas, #orgybestâ€¦, #YNoMeQuedeConLasGanasLaVerdad]
#CompetitionTime->[#jarjarbinks, #AunqueNoLoCreas, #StarWars!!!]
#ONU->[#standup4humanrights, #Sunday, #AEMET]
#Yoelegicorrer->[#jarjarbinks, #AunqueNoLoCreas, #StarWars!!!]
#PalestinaLibre->[#standup4humanrights, #Sunday, #AEMET]
#CepedaSeQueda->[#standup4humanrights, #Sunday, #AEMET]
#LeiaOrgana->[#AunqueNoLoCreas, #StarWars!!!, #StarWarsâ€¦]
#Spoilers->[#jarjarbinks, #Uptown, #DC]
#TrabajaporlosDDHH->[#standup4humanrights, #Sunday, #AEMET]
#Uptown->[#jarjarbinks, #Uptown, #giveawayâ€¦]
#news->[#jarjarbinks, #AunqueNoLoCreas, #StarWars!!!]
#FiftyShadesFreed->[#jarjarbinks, #AunqueNoLoCreas, #StarWars!!!]
#Sathya->[#Sathya]
#Aitana->[#standup4humanrights, #Sunday, #AEMET]
#lightsaber->[#jarjarbinks, #Uptown, #DC]
#FelizFinde->[#standup4humanrights, #Sunday, #AEMET]
#SaharaLibre->[#standup4humanrights, #Sunday, #AEMET]
#FILGuadalajara->[#FILGuadalajara]
#StarWarsOsUltimosJedi->[#jarjarbinks, #Uptown, #DC]
#Wonder->[#jarjarbinks, #AunqueNoLoCreas, #StarWars!!!]
#reddit->[#jarjarbinks, #AunqueNoLoCreas, #StarWars!!!]
#RepÃºblica->[#Santiago, #felizdomingo, #liveve]
#ManUtd->[#ManUtd]
#Bâ€¦->[#Sunday, #AEMET, #LaPortada]
#ÃšltimaHora->[#standup4humanrights, #trendsukâ€¦, #Tags]
#AI->[#AI]
#BuenosDiasGente->[#standup4humanrights, #Sunday, #AEMET]
#CannotWait->[#jarjarbinks, #Uptown, #DC]
#pixelart->[#jarjarbinks, #Uptown, #DC]
#SegundaMano->[#standup4humanrights, #Sunday, #AEMET]
#nospoliers->[#jarjarbinks, #AunqueNoLoCreas, #StarWars!!!]
#IDF->[#DDHH, #DUDH, #10Dic]
#Porgâ€¦->[#jarjarbinks, #AunqueNoLoCreas, #StarWars!!!]
#puentes->[#standup4humanrights, #Sunday, #AEMET]
#Dictadura->[#Santiago, #avotarporelfuturo, #felizdomingo]
#Venalphysicalspa->[#FelizDomingo, #tlalpan, #cdmx]
#Porg!->[#Porg!, #StarWarsLosÃšltimosJedi]
#avotarporelfuturo->[#Santiago, #orgy, #FelicesFiestas]
#viernes->[#viernes, #viernes15]
#ComentÃ¡ndOT->[#Dictadura, #Neymar, #07Dic]
#CambiaaLed->[#jarjarbinks, #AunqueNoLoCreas, #StarWars!!!]
#orgybestâ€¦->[#standup4humanrights, #Sunday, #AEMET]
#10DAbreLosOjos->[#Sunday, #AEMET, #LaPortada]
#onlinemarketing->[#jarjarbinks, #DC, #Uptown]
#CampanadasEspartanasâ€¦->[#Sunday, #AEMET, #LaPortada]
#ÙŠÙˆÙ…_Ø§Ù„Ø¬Ù…Ø¹Ù‡Ù->[#ÙŠÙˆÙ…_Ø§Ù„Ø¬Ù…Ø¹Ù‡Ù]
#æœ€å¾Œã®ã‚¸ã‚§ãƒ€ã‚¤->[#jarjarbinks, #AunqueNoLoCreas, #StarWars!!!]
#StopDelfinariosâ€¦->[#standup4humanrights, #Sunday, #AEMET]
#17CimasVEC->[#17CimasVEC]
#DeRegaloTeMereces->[#jarjarbinks, #Uptown, #DC]
#AEMET->[#standup4humanrights, #trendsukâ€¦, #Tags]
#fiesta->[#standup4humanrights, #Sunday, #AEMET]
#hoytsdot->[#jarjarbinks, #AunqueNoLoCreas, #StarWars!!!]
#otDirecto10D->[#uksnow, #HumanRightsDay, #WingsTourFinalDay3]
#BlackWomen->[#jarjarbinks, #Uptown, #DC]
#TrapaDrive->[#TrapaDrive]
#GaryOldman->[#jarjarbinks, #Uptown, #DC]
#EsteFinde->[#standup4humanrights, #Sunday, #AEMET]
#Jedi->[#DC, #Uptown, #AunqueNoLoCreas]
#EstadosUnidos->[#jarjarbinks, #AunqueNoLoCreas, #StarWars!!!]
#affordableartâ€¦->[#AunqueNoLoCreas, #StarWars!!!, #StarWarsâ€¦]
#Round1->[#jarjarbinks, #AunqueNoLoCreas, #StarWars!!!]
#ViernesDeGanarSeguidores->[#ViernesDeGanarSeguidores, #FinDeSemana, #DomingoDeGanarSeguidores]
#cordobaesp->[#standup4humanrights, #Sunday, #AEMET]
#darkside->[#jarjarbinks, #AunqueNoLoCreas, #StarWars!!!]
#DC->[#jarjarbinks, #DC, #giveawayâ€¦]
#DF->[#FelizDomingo, #DF, #Venalphysicalspa]
#PSLonESPN5â€¦->[#AunqueNoLoCreas, #StarWars!!!, #StarWarsâ€¦]
#GeorgeLucas->[#jarjarbinks, #Uptown, #DC]
#cabra->[#standup4humanrights, #Sunday, #AEMET]
#HHRR->[#standup4humanrights, #Sunday, #AEMET]
#fuerza->[#fuerza]
#OtChatâ€¦->[#OtChatâ€¦]
#EEUU->[#standup4humanrights, #jarjarbinks, #Sunday]
#refugiados->[#Sunday, #AEMET, #LaPortada]
#Ø§Ù„Ù‚Ø¯Ø³_Ø¹Ø§ØµÙ…ØªÙ†Ø§_Ø§Ù„Ø§Ø²Ù„ÙŠÙ‡â€¦->[#Ø§Ù„Ù‚Ø¯Ø³_Ø¹Ø§ØµÙ…ØªÙ†Ø§_Ø§Ù„Ø§Ø²Ù„ÙŠÙ‡â€¦, #WingsTourFinal, #TÃ¼rkiyeKudÃ¼sÄ°Ã§inAyakta]
#DDHHâ€¦->[#standup4humanrights, #Sunday, #AEMET]
#EuskalPresoakEtxera->[#Sunday, #AEMET, #LaPortada]
#StarWarsSweepstakes->[#jarjarbinks, #AunqueNoLoCreas, #StarWars!!!]
#theplace->[#theplace]
#YeshuaBenDavid->[#jarjarbinks, #Uptown, #DC]
#DisneyCharacters->[#jarjarbinks, #Uptown, #DC]
#ÙÙƒÙˆ_Ø§Ù„Ø­Ø¸Ø±_Ø¹Ù„ÙŠÙƒÙ…_Ø§Ù„Ø¹Ù†Ø©â˜->[#standup4humanrights, #Sunday, #AEMET]
#DÃ­aDerechosHumanos->[#standup4humanrights, #trendsukâ€¦, #Tags]
#tonightsthenight->[#jarjarbinks, #AunqueNoLoCreas, #StarWars!!!]
#Logan->[#jarjarbinks, #AunqueNoLoCreas, #StarWars!!!]
#LevantatePorLosDerechosHumanos->[#standup4humanrights, #Sunday, #AEMET]
#StarWarsLosUltimosJedi->[#jarjarbinks, #Uptown, #DC]
#coffe->[#coffe]
#dance->[#AunqueNoLoCreas, #StarWars!!!, #StarWarsâ€¦]
#BlogDeMel->[#standup4humanrights, #Sunday, #AEMET]
#DerechosHumanosâ€¦->[#standup4humanrights, #Sunday, #AEMET]
#SpiderManHomecoming->[#jarjarbinks, #AunqueNoLoCreas, #StarWars!!!]
#FelizDomingoâ€¦->[#Sunday, #AEMET, #LaPortada]
#LeyViviendaPAHâ¤µï¸->[#Sunday, #AEMET, #LaPortada]
#ÙŠÙ…Ù†_Ù†Øª_ØªØ­Ø¸Ø±_Ø§Ù„ÙŠÙ…Ù†ÙŠÙŠÙ†ðŸš«â€¦->[#standup4humanrights, #Sunday, #AEMET]
#VergÃ¼enza->[#standup4humanrights, #Tags, #trendsukâ€¦]
#IARTG->[#jarjarbinks, #AunqueNoLoCreas, #StarWars!!!]
#Catalunya->[#standup4humanrights, #Sunday, #AEMET]
#FelizViernes->[#DiadelosDerechosHumanos, #DiadelsDretsHumans, #OTDirecto10D]
#FelizJueves->[#jarjarbinks, #AunqueNoLoCreas, #StarWars!!!]
#PorTodosParaTodosðŸŒ->[#standup4humanrights, #Sunday, #AEMET]
#decalegfederalista->[#standup4humanrights, #Sunday, #AEMET]
#DisneyFoxDeal->[#AunqueNoLoCreas, #StarWars!!!, #StarWarsâ€¦]
#Partitocracia->[#Santiago, #YNoMeQuedeConLasGanasLaVerdad, #FelicesFiestas]
#lol->[#jarjarbinks, #Uptown, #DC]
#Twitch->[#jarjarbinks, #giveawayâ€¦, #ArcaDeNoÃ©]
#palestine->[#DDHH, #DUDH, #10Dic]
#LukeSkywalker->[#jarjarbinks, #Uptown, #DC]
#starwars8thelastjedi->[#jarjarbinks, #Uptown, #DC]
#Romance->[#jarjarbinks, #AunqueNoLoCreas, #StarWars!!!]
#Illescas->[#Sunday, #AEMET, #LaPortada]
#EmptyTheTanks->[#standup4humanrights, #Sunday, #AEMET]
#BlueEyedBostonâ€¦->[#jarjarbinks, #AunqueNoLoCreas, #StarWars!!!]
#RianJohnsonâ€¦->[#jarjarbinks, #AunqueNoLoCreas, #StarWars!!!]
#starwars8->[#jarjarbinks, #Uptown, #DC]
#FreebieFriday->[#FreebieFriday]
#WaitForIX->[#jarjarbinks, #AunqueNoLoCreas, #StarWars!!!]
#UnaNavidadConLosMuppets->[#UnaNavidadConLosMuppets]
#1->[#jarjarbinks, #AunqueNoLoCreas, #StarWars!!!]
#Son30Mil->[#Sunday, #AEMET, #LaPortada]
#ecchi->[#jarjarbinks, #AunqueNoLoCreas, #StarWars!!!]
#Lomita->[#standup4humanrights, #Sunday, #AEMET]
#ARStickers->[#jarjarbinks, #AunqueNoLoCreas, #StarWars!!!]
#starwarsâ€¦->[#jarjarbinks, #Uptown, #DC]
#Europa->[#Sunday, #AEMET, #LaPortada]
#TROPA->[#standup4humanrights, #Sunday, #AEMET]
#ThumbsUp->[#jarjarbinks, #AunqueNoLoCreas, #StarWars!!!]
#space->[#jarjarbinks, #Uptown, #DC]
#TWRA->[#jarjarbinks, #AunqueNoLoCreas, #StarWars!!!]
#NERDTASTIC->[#jarjarbinks, #AunqueNoLoCreas, #StarWars!!!]
#OTDirecto6D->[#Dictadura, #07Dic, #Neymar]
#starwarsTNG->[#jarjarbinks, #AunqueNoLoCreas, #StarWars!!!]
#JARJARBINKSWÃœRDENICHTRETWEETENIHRSCâ€¦->[#jarjarbinks, #AunqueNoLoCreas, #StarWars!!!]
#Hamburg->[#jarjarbinks, #Uptown, #DC]
#StandUp4HumanRights->[#standup4humanrights, #Sunday, #AEMET]
#Titanic->[#Santiago, #avotarporelfuturo, #felizdomingo]
#netneutrality->[#jarjarbinks, #AunqueNoLoCreas, #StarWars!!!]
#AdamDriver->[#jarjarbinks, #AunqueNoLoCreas, #StarWars!!!]
#MiriamLoMÃ¡s->[#standup4humanrights, #Sunday, #AEMET]
#Maayavan->[#Maayavan]
#NorthKorea->[#jarjarbinks, #AunqueNoLoCreas, #StarWars!!!]
#sapoconcho->[#standup4humanrights, #Sunday, #AEMET]
#jerusalem->[#DiaDeLosDerechosHumanos, #DDHH, #10Dic]
#OTDirecto7D->[#07Dic, #Neymar, #Dictadura]
#Phasma->[#jarjarbinks, #Uptown, #DC]
#TheLastJediÂ ->[#jarjarbinks, #AunqueNoLoCreas, #StarWars!!!]
#Win->[#Win]
#æ—¥åŠ‡->[#jarjarbinks, #Uptown, #DC]
#Ø§Ù„Ø´Ø¨ÙƒØ§Øª_Ø§Ù„Ø§Ø¬ØªÙ…Ø§Ø¹ÙŠØ©->[#standup4humanrights, #Sunday, #AEMET]
#20thCenturyFox->[#jarjarbinks, #AunqueNoLoCreas, #StarWars!!!]
#stormtrooper->[#jarjarbinks, #Uptown, #DC]
#recipe->[#recipe]
#TBT->[#jarjarbinks, #Uptown, #DC]
#AVotarPorElFuturoâ€¦->[#standup4humanrights, #Sunday, #AEMET]
#ã‚¹ã‚¿ãƒ¼ã‚¦ã‚©ãƒ¼ã‚ºæœ€å¾Œã®ã‚¸ã‚§ãƒ€ã‚¤->[#jarjarbinks, #AunqueNoLoCreas, #StarWars!!!]
#Grecia->[#standup4humanrights, #trendsukâ€¦, #Trends]
#FelizViernesâ€¦->[#standup4humanrights, #Sunday, #AEMET]
#OTDirecto8D->[#OTDirecto8D, #titanic, #otdirecto10d]
#sad->[#jarjarbinks, #AunqueNoLoCreas, #StarWars!!!]
#JabbaTheHut->[#jarjarbinks, #AunqueNoLoCreas, #StarWars!!!]
#LightTheWorld->[#jarjarbinks, #AunqueNoLoCreas, #StarWars!!!]
#Tags->[#standup4humanrights, #Sunday, #AEMET]
#07Dic->[#07Dic, #OTNavidad2017, #OTGala7]
#LaVozDeTusDerechos->[#Sunday, #AEMET, #LaPortada]
#partidocracia->[#standup4humanrights, #trendsukâ€¦, #Tags]
#Meco->[#jarjarbinks, #AunqueNoLoCreas, #StarWars!!!]
#TheLastJediâ€¦->[#jarjarbinks, #Uptown, #DC]
#ASMSG->[#jarjarbinks, #AunqueNoLoCreas, #StarWars!!!]
#govegan->[#DC, #Uptown, #AunqueNoLoCreas]
#CallOfDuty->[#standup4humanrights, #Sunday, #AEMET]
#OTDirecto9D->[#standup4humanrights, #Sunday, #AEMET]
#bb8->[#jarjarbinks, #AunqueNoLoCreas, #StarWars!!!]
#DeepState->[#jarjarbinks, #AunqueNoLoCreas, #StarWars!!!]
#Karsapan->[#standup4humanrights, #trendsukâ€¦, #Tags]
#Breath->[#jarjarbinks, #Uptown, #DC]
#Cdbabyâ€¦->[#standup4humanrights, #Sunday, #AEMET]
#NetaCinÃ©fila->[#jarjarbinks, #AunqueNoLoCreas, #StarWars!!!]
#LightSide->[#jarjarbinks, #AunqueNoLoCreas, #StarWars!!!]
#Concours->[#Concours]
#otdirecto10d->[#Santiago, #YNoMeQuedeConLasGanasLaVerdad, #FelicesFiestas]
#MireyaNosRepresenta->[#standup4humanrights, #Sunday, #AEMET]
#SpanishGarrison->[#AunqueNoLoCreas, #StarWars!!!, #lowpoly]
#AhoraSÃ­Cambio->[#standup4humanrights, #Sunday, #AEMET]
#Union->[#Union]
#CoffeLovers->[#standup4humanrights, #Sunday, #AEMET]
#Cuba->[#standup4humanrights, #Sunday, #AEMET]
#NoSomosDesertores->[#standup4humanrights, #Sunday, #AEMET]
#CuinaDeTemporada->[#Sunday, #AEMET, #LaPortada]
#Lp->[#FelizPuente, #FelizFinDeSemana, #ViernesDeGanarSeguidores]
#ShowBiz->[#standup4humanrights, #jarjarbinks, #AunqueNoLoCreas]
#NobelPrize->[#standup4humanrights, #uksnow, #trendsukâ€¦]
#EleccionesMunicipales2017â€¦->[#standup4humanrights, #Sunday, #AEMET]
#lastjediâ€¦->[#DC, #Uptown, #AunqueNoLoCreas]
#Lucasfilm->[#jarjarbinks, #AunqueNoLoCreas, #StarWars!!!]
#StarWarsDay->[#jarjarbinks, #Uptown, #DC]
#YoSiVotoâ€¦->[#standup4humanrights, #Sunday, #AEMET]
#10Dic->[#standup4humanrights, #Sunday, #AEMET]
#MovieTwit->[#jarjarbinks, #AunqueNoLoCreas, #StarWars!!!]
#HOT!!->[#standup4humanrights, #trendsukâ€¦, #Tags]
#Chile->[#standup4humanrights, #trendsukâ€¦, #uksnow]
#WakeUpEurope->[#standup4humanrights, #Sunday, #AEMET]
#RestauraciÃ³nFalcÃ³n->[#standup4humanrights, #Sunday, #AEMET]
#NoSpoilers->[#jarjarbinks, #Uptown, #DC]
#BuenosdÃ­asðŸŒž->[#Sunday, #AEMET, #LaPortada]
#DiaDosDireitosHumanos->[#standup4humanrights, #Sunday, #AEMET]
#giveawayâ€¦->[#DC, #Uptown, #AunqueNoLoCreas]
#felizjueves->[#jarjarbinks, #AunqueNoLoCreas, #StarWars!!!]
#Mesaza->[#standup4humanrights, #Sunday, #AEMET]
#Christmas->[#jarjarbinks, #AunqueNoLoCreas, #StarWars!!!]
#StarWarsGliultimiJedi->[#jarjarbinks, #AunqueNoLoCreas, #StarWars!!!]
#porg->[#jarjarbinks, #Uptown, #DC]
#SORTEO->[#SORTEO]
#CEO->[#standup4humanrights, #Sunday, #AEMET]
#Hot->[#FelizDomingo, #Hot, #Venalphysicalspa]
#10dic->[#standup4humanrights, #trendsukâ€¦, #Tags]
#AitanaOT->[#standup4humanrights, #Sunday, #AEMET]
#CineworldUnlimited->[#jarjarbinks, #AunqueNoLoCreas, #StarWars!!!]
#StarWarsTH->[#jarjarbinks, #Uptown, #DC]
#AlAireConPaola->[#jarjarbinks, #AunqueNoLoCreas, #StarWars!!!]
#porgsforlife->[#jarjarbinks, #Uptown, #DC]
#living->[#Dictadura, #Neymar, #07Dic]
#OT->[#standup4humanrights, #Sunday, #AEMET]
#Viewsâ€¦->[#standup4humanrights, #Sunday, #AEMET]
#droid->[#jarjarbinks, #Uptown, #DC]
#StarWarsOperas->[#jarjarbinks, #AunqueNoLoCreas, #StarWars!!!]
#LuisJoseMarcano->[#Sunday, #AEMET, #LaPortada]
#DarthVader?->[#jarjarbinks, #Uptown, #DC]
#AVotarPorElFuturo->[#standup4humanrights, #Sunday, #AEMET]
#RealMadrid->[#jarjarbinks, #AunqueNoLoCreas, #StarWars!!!]
#LibertadPresosPoliticos->[#standup4humanrights, #Sunday, #AEMET]
#Kurdish->[#standup4humanrights, #Sunday, #AEMET]
#OnePlusAndStarWars->[#jarjarbinks, #AunqueNoLoCreas, #StarWars!!!]
#DUDH->[#standup4humanrights, #Sunday, #AEMET]
#Bienestar->[#standup4humanrights, #Sunday, #AEMET]
#LaFuerza->[#jarjarbinks, #AunqueNoLoCreas, #StarWars!!!]
#DÃ­aDelSeÃ±or->[#standup4humanrights, #trendsukâ€¦, #Tags]
#boxoffice->[#jarjarbinks, #AunqueNoLoCreas, #StarWars!!!]
#tickets->[#tickets]
#lucasfilm->[#DC, #Uptown, #AunqueNoLoCreas]
#MilagroDeEmpel->[#FelizPuente, #FelizFinDeSemana, #ViernesDeGanarSeguidores]
#CIE->[#Sunday, #AEMET, #LaPortada]
#RoseTico->[#jarjarbinks, #Uptown, #DC]
#SOUARS->[#standup4humanrights, #Sunday, #AEMET]
#Pixel2->[#jarjarbinks, #AunqueNoLoCreas, #StarWars!!!]
#Zerohunger->[#standup4humanrights, #Sunday, #AEMET]
#BloodBowl->[#jarjarbinks, #Uptown, #DC]
#Partidocracia->[#Santiago, #avotarporelfuturo, #felizdomingo]
#OnePlus5T->[#jarjarbinks, #AunqueNoLoCreas, #StarWars!!!]
#StarWarsTheLastJedi&amp->[#StarWarsTheLastJedi&amp]
#SoberaniaEconÃ²mica->[#standup4humanrights, #Sunday, #AEMET]
#StarWarsTheLastJedi->[#standup4humanrights, #jarjarbinks, #Uptown]
#Louboutin?->[#AunqueNoLoCreas, #StarWars!!!, #lowpoly]
#RT->[#FelizDomingo, #RT, #Venalphysicalspa]
#Oumuamua->[#jarjarbinks, #AunqueNoLoCreas, #StarWars!!!]
#ã‚¹ã‚¿ãƒ¼ã‚¦ã‚©ãƒ¼ã‚º->[#jarjarbinks, #AunqueNoLoCreas, #StarWars!!!]
#Ripolletâ€¦->[#Sunday, #AEMET, #LaPortada]
#DaisyRidley->[#jarjarbinks, #AunqueNoLoCreas, #StarWars!!!]
#medicineâ€¦->[#jarjarbinks, #Uptown, #DC]
#hyped->[#jarjarbinks, #AunqueNoLoCreas, #StarWars!!!]
#SiriusXM->[#AunqueNoLoCreas, #StarWars!!!, #StarWarsâ€¦]
#OtDirecto10D->[#OtDirecto10D]
#BigKid->[#jarjarbinks, #Uptown, #DC]
#Miramar->[#standup4humanrights, #trendsukâ€¦, #Tags]
#CantWait->[#jarjarbinks, #AunqueNoLoCreas, #StarWars!!!]
#10Dic2017->[#standup4humanrights, #Sunday, #AEMET]
#starwarsthelastjediâ€¦->[#DC, #Uptown, #AunqueNoLoCreas]
#MyHeroes->[#jarjarbinks, #Uptown, #DC]
#NuevoVideo->[#jarjarbinks, #AunqueNoLoCreas, #StarWars!!!]
#Guantanamo->[#standup4humanrights, #Sunday, #AEMET]
#FelicesFiestas->[#standup4humanrights, #Sunday, #AEMET]
#8Dic->[#07Dic, #Neymar, #OTDirecto8D]
#OpeningNight->[#jarjarbinks, #Uptown, #DC]
#CorteInformativo->[#CorteInformativo]
#DolbyAtmos->[#jarjarbinks, #AunqueNoLoCreas, #StarWars!!!]
#FelizJueves!->[#jarjarbinks, #AunqueNoLoCreas, #StarWars!!!]
#CancÃºn->[#standup4humanrights, #Tags, #trendsukâ€¦]
#DiadelsDretsHumans->[#standup4humanrights, #Sunday, #AEMET]
#Disney->[#jarjarbinks, #Uptown, #DC]
#reilusionarse->[#Santiago, #FelicesFiestas, #YNoMeQuedeConLasGanasLaVerdad]
#JarJarBinx->[#jarjarbinks, #AunqueNoLoCreas, #StarWars!!!]
#ReporteCaracas->[#standup4humanrights, #Sunday, #AEMET]
#Ø§Ù„Ù„Ù‡Ù…_ØµÙ„_Ø¹Ù„ÙŠ_Ù…Ø­Ù…Ø¯->[#Ø§Ù„Ù„Ù‡Ù…_ØµÙ„_Ø¹Ù„ÙŠ_Ù…Ø­Ù…Ø¯, #WingsTourFinal, #TÃ¼rkiyeKudÃ¼sÄ°Ã§inAyakta]
#SWTLJ->[#jarjarbinks, #Uptown, #DC]
#Riverdale->[#jarjarbinks, #AunqueNoLoCreas, #StarWars!!!]
#Dios->[#Dios]
#FinDeSemana->[#FelizPuente, #FelizFinDeSemana, #ViernesDeGanarSeguidores]
#MireyaSeQueda->[#standup4humanrights, #Sunday, #AEMET]
#ExitPoll->[#jarjarbinks, #AunqueNoLoCreas, #StarWars!!!]
#UE->[#standup4humanrights, #trendsukâ€¦, #Trends]
#MayThePorgsBeWithYou->[#AunqueNoLoCreas, #StarWars!!!, #lowpoly]
#DiaInternacionalDeLosDDHH->[#Sunday, #AEMET, #LaPortada]
#RedistribuirLaRiqueza->[#Sunday, #AEMET, #LaPortada]
#JohnLennon->[#standup4humanrights, #Sunday, #AEMET]
#TohoShinjuku->[#jarjarbinks, #AunqueNoLoCreas, #StarWars!!!]
#StarWars8->[#jarjarbinks, #AunqueNoLoCreas, #StarWars!!!]
#Todos->[#standup4humanrights, #Sunday, #AEMET]
#diadelavirgen->[#diadelavirgen]
#StormTroopers->[#jarjarbinks, #Uptown, #DC]
#Coaching->[#jarjarbinks, #Uptown, #DC]
#prosthetic->[#jarjarbinks, #Uptown, #DC]
#Granada->[#Granada]
#LiberenAMilagro->[#Sunday, #AEMET, #LaPortada]
#10Diciembre->[#Sunday, #AEMET, #LaPortada]
#VidaDeMadres->[#jarjarbinks, #AunqueNoLoCreas, #StarWars!!!]
#freedom->[#standup4humanrights, #Sunday, #AEMET]
#StarWarsâ€¦->[#jarjarbinks, #Uptown, #DC]
#EpisodeVIII->[#jarjarbinks, #Uptown, #DC]
#podcast->[#AunqueNoLoCreas, #StarWars!!!, #StarWarsâ€¦]
#JuevesDeEspaldas->[#jarjarbinks, #AunqueNoLoCreas, #StarWars!!!]
#StarWars!->[#jarjarbinks, #AunqueNoLoCreas, #StarWars!!!]
#VR->[#VR]
#Starwarsth->[#AunqueNoLoCreas, #StarWars!!!, #StarWarsâ€¦]
#CEDAW->[#Sunday, #AEMET, #LaPortada]
#LuchaPorLosDDHH->[#Sunday, #AEMET, #LaPortada]
#GreenLantern->[#jarjarbinks, #Uptown, #DC]
#ApartheidIsrael->[#10Dic, #DDHH, #DUDH]
#YourName->[#jarjarbinks, #AunqueNoLoCreas, #StarWars!!!]
#DerechosHUmanos->[#dance, #SouhilaBenLachhab, #StarWarsTheLastJedi]
#doj->[#jarjarbinks, #AunqueNoLoCreas, #StarWars!!!]
#bkk->[#jarjarbinks, #Uptown, #DC]
#selfie->[#jarjarbinks, #Uptown, #DC]
#FelizFinDeSemana->[#FelizFinDeSemana, #FinDeSemana, #DomingoDeGanarSeguidores]
#FelizDomingoÂ¿Votaras->[#Sunday, #AEMET, #LaPortada]
#gaza->[#DUDH, #DDHH, #10Dic]
#OTDirecto8DÙ->[#OTDirecto8DÙ]
#Ð—Ð’->[#jarjarbinks, #AunqueNoLoCreas, #StarWars!!!]
#picofollowers->[#standup4humanrights, #trendsukâ€¦, #Tags]
#poesÃ­a->[#Sunday, #AEMET, #LaPortada]
#DrWho->[#jarjarbinks, #AunqueNoLoCreas, #StarWars!!!]
#1DDrive->[#1DDrive]
#WayneGretzky->[#jarjarbinks, #Uptown, #DC]
#Putin->[#jarjarbinks, #AunqueNoLoCreas, #StarWars!!!]
#EnCaracasGanaErika->[#standup4humanrights, #Sunday, #AEMET]
#OrgullososDeNuestraHistoria->[#standup4humanrights, #Sunday, #AEMET]
#Zoopalast->[#jarjarbinks, #Uptown, #DC]
#EscuadronSur->[#AunqueNoLoCreas, #StarWars!!!, #lowpoly]
#Togodebout->[#AunqueNoLoCreas, #StarWars!!!, #StarWarsâ€¦]
#SevillaHoy->[#standup4humanrights, #Sunday, #AEMET]
#FreePalastine->[#10Dic, #DDHH, #DUDH]
#excited!!!!->[#jarjarbinks, #AunqueNoLoCreas, #StarWars!!!]
#Navidad->[#standup4humanrights, #trendsukâ€¦, #Tags]
#HappyBirthdayTaylorSwiftâ€¦->[#jarjarbinks, #AunqueNoLoCreas, #StarWars!!!]
#CDMX->[#jarjarbinks, #AunqueNoLoCreas, #StarWars!!!]
#Youtube->[#standup4humanrights, #Sunday, #AEMET]
#Foodies->[#standup4humanrights, #Sunday, #AEMET]
#tlalpan->[#FelizDomingo, #tlalpan, #Venalphysicalspa]
##BB8->[#jarjarbinks, #AunqueNoLoCreas, #StarWars!!!]
#Larisaesbonita705->[#standup4humanrights, #trendsukâ€¦, #Tags]
#HumanRightsDayâ€¦->[#standup4humanrights, #Sunday, #AEMET]
#Igualdad->[#standup4humanrights, #Sunday, #AEMET]
#jarjarbinks->[#DC, #Uptown, #AunqueNoLoCreas]
#SomosPhysicalSpa->[#FelizDomingo, #tlalpan, #cdmx]
#cdmx->[#FelizDomingo, #cdmx, #Venalphysicalspa]
#jedichallengesâ€¦->[#AunqueNoLoCreas, #StarWars!!!, #StarWarsâ€¦]
#brexit->[#jarjarbinks, #Uptown, #DC]
#Repost->[#jarjarbinks, #DC, #Uptown]
#Sketch->[#jarjarbinks, #Uptown, #DC]
#NetNeutality->[#jarjarbinks, #Uptown, #DC]
#JerusalÃ©nâ€¦->[#standup4humanrights, #Sunday, #AEMET]
#DiaInternacionalDeLosDerechosHumanos->[#standup4humanrights, #Sunday, #AEMET]
#STARWARSTHELASTJEDI->[#AunqueNoLoCreas, #StarWars!!!, #StarWarsâ€¦]
#stormtroopers->[#DC, #Uptown, #AunqueNoLoCreas]
#HumanRightsDay->[#standup4humanrights, #Sunday, #AEMET]
#mustwatch->[#jarjarbinks, #AunqueNoLoCreas, #StarWars!!!]
#Starwars->[#jarjarbinks, #AunqueNoLoCreas, #StarWars!!!]
#TÃ¼rkiyeKudÃ¼sÄ°Ã§inAyakta->[#Ø§Ù„Ù‚Ø¯Ø³_Ø¹Ø§ØµÙ…ØªÙ†Ø§_Ø§Ù„Ø§Ø²Ù„ÙŠÙ‡â€¦, #Ø§Ù„Ù„Ù‡Ù…_ØµÙ„_Ø¹Ù„ÙŠ_Ù…Ø­Ù…Ø¯, #TÃ¼rkiyeKudÃ¼sÄ°Ã§inAyakta]
#TrumpTrain2020->[#jarjarbinks, #AunqueNoLoCreas, #StarWars!!!]
#hambre->[#standup4humanrights, #Sunday, #AEMET]
#orgy->[#standup4humanrights, #Sunday, #AEMET]
#IDsIllegal->[#IDsIllegal]
#BuenosDÃ­as->[#standup4humanrights, #trendsukâ€¦, #Tags]
#kyloren->[#jarjarbinks, #Uptown, #DC]
#Ferdinand->[#jarjarbinks, #AunqueNoLoCreas, #StarWars!!!]
#MayTheForceBeWithYou->[#jarjarbinks, #Uptown, #DC]
#FalcÃ³n->[#standup4humanrights, #Sunday, #AEMET]
#GirlLove->[#jarjarbinks, #Uptown, #DC]
#OriginallyFrench->[#jarjarbinks, #Uptown, #DC]
#Empel->[#Empel]
#cuinafusio->[#standup4humanrights, #Sunday, #AEMET]
#DemocraciaParaSiempre->[#Sunday, #AEMET, #LaPortada]
#recortescerogrupoverde->[#standup4humanrights, #uksnow, #trendsukâ€¦]
#mychildhoodinonesong->[#jarjarbinks, #AunqueNoLoCreas, #StarWars!!!]
#WhiteRiverPlace!->[#jarjarbinks, #AunqueNoLoCreas, #StarWars!!!]
#StarWarsthelastjedi->[#StarWarsthelastjedi]
#derechos->[#Sunday, #AEMET, #LaPortada]
#Deathstar->[#jarjarbinks, #AunqueNoLoCreas, #StarWars!!!]
#CineZabalisticamente->[#CineZabalisticamente]
#Humanrightsday2017->[#DDHH, #DUDH, #10Dic]
#gearbest->[#jarjarbinks, #AunqueNoLoCreas, #StarWars!!!]
#starwars->[#jarjarbinks, #Uptown, #DC]
#EspaÃ±aNoDescoloniza->[#standup4humanrights, #Sunday, #AEMET]
#OyeJulio->[#standup4humanrights, #trendsukâ€¦, #uksnow]
#Rompecabezas->[#jarjarbinks, #Uptown, #DC]
#KaranVohra->[#KaranVohra]
#StarWarsÂ nude->[#jarjarbinks, #AunqueNoLoCreas, #StarWars!!!]
#TVD->[#standup4humanrights, #Sunday, #AEMET]
#Cycles->[#jarjarbinks, #AunqueNoLoCreas, #StarWars!!!]
#StarWarsfan->[#jarjarbinks, #AunqueNoLoCreas, #StarWars!!!]
#StarWarsLosÃšltimosJedi!->[#StarWarsLosÃšltimosJedi!, #StarWarsLosÃšltimosJedi]
#bioethics->[#jarjarbinks, #Uptown, #DC]
#CarrieFisher->[#jarjarbinks, #Uptown, #DC]
#wowow->[#standup4humanrights, #Sunday, #AEMET]
#LastJediâ€¦->[#jarjarbinks, #Uptown, #DC]
#Sidney->[#Sidney]
#Alabama->[#jarjarbinks, #Uptown, #DC]
#Felizdomingo->[#Sunday, #AEMET, #LaPortada]
#4XD->[#jarjarbinks, #AunqueNoLoCreas, #StarWars!!!]
#dioslosbendiga->[#dioslosbendiga]
#ManUnited->[#ManUnited]
#10D->[#standup4humanrights, #Sunday, #AEMET]
#CampanadasEspartanas->[#Sunday, #AEMET, #LaPortada]
#Amorâ€¦->[#standup4humanrights, #Sunday, #AEMET]
#CocheMÃ­tico->[#standup4humanrights, #trendsukâ€¦, #Tags]
#travel->[#travel]
#Republicos->[#OTDirecto8D, #Neymar, #07Dic]
#BuenosDias->[#standup4humanrights, #Sunday, #AEMET]
#BuenViernes->[#FelizPuente, #FelizFinDeSemana, #ViernesDeGanarSeguidores]
#Holak->[#Holak]
#TIMETOHEAL->[#ONU, #IDF, #HumanRights]
#CONCOURS->[#jarjarbinks, #AunqueNoLoCreas, #StarWars!!!]
#TigerZindaHai->[#jarjarbinks, #AunqueNoLoCreas, #StarWars!!!]
#RSE->[#Sunday, #AEMET, #LaPortada]
#Mulhacen->[#Mulhacen]
#Diciembre->[#standup4humanrights, #trendsukâ€¦, #Tags]
#stormtroopersquadgoals->[#jarjarbinks, #AunqueNoLoCreas, #StarWars!!!]
#ArcaDeNoÃ©->[#jarjarbinks, #Uptown, #DC]
#MTFBWU->[#jarjarbinks, #AunqueNoLoCreas, #StarWars!!!]
#Lourdes->[#FelizPuente, #FelizFinDeSemana, #ViernesDeGanarSeguidores]
#JazzEstilo->[#standup4humanrights, #Sunday, #AEMET]
#Force->[#jarjarbinks, #Uptown, #DC]
#DisneylandParis->[#jarjarbinks, #Uptown, #DC]
#sithfashion->[#jarjarbinks, #Uptown, #DC]
#SAGAwards2018->[#SAGAwards2018]
#MartialArts->[#AunqueNoLoCreas, #StarWars!!!, #lowpoly]
#69aÃ±os->[#standup4humanrights, #Sunday, #AEMET]
#WingsTourFinal->[#Ø§Ù„Ù‚Ø¯Ø³_Ø¹Ø§ØµÙ…ØªÙ†Ø§_Ø§Ù„Ø§Ø²Ù„ÙŠÙ‡â€¦, #Ø§Ù„Ù„Ù‡Ù…_ØµÙ„_Ø¹Ù„ÙŠ_Ù…Ø­Ù…Ø¯, #WingsTourFinal]
#hambrecero->[#standup4humanrights, #Sunday, #AEMET]
#DomingoDeGanarSeguidores->[#standup4humanrights, #Sunday, #AEMET]
#StarWarsTheLastJediâ€¦->[#jarjarbinks, #Uptown, #DC]
#Training->[#jarjarbinks, #Uptown, #DC]
#Hermosabeach->[#standup4humanrights, #Sunday, #AEMET]
#StarWarsTheLastJedi!->[#AunqueNoLoCreas, #StarWars!!!, #StarWarsâ€¦]
#paragon->[#jarjarbinks, #Uptown, #DC]
#b3d->[#jarjarbinks, #AunqueNoLoCreas, #StarWars!!!]
#justicia->[#standup4humanrights, #Sunday, #AEMET]
#Jazz->[#standup4humanrights, #Sunday, #AEMET]
#DarthVader->[#jarjarbinks, #AunqueNoLoCreas, #StarWars!!!]
#lovecoffe->[#lovecoffe]
#lupita->[#lupita]
#2AÃ±osJuntos->[#standup4humanrights, #Sunday, #AEMET]
#vouli->[#jarjarbinks, #AunqueNoLoCreas, #StarWars!!!]
#HollowRealization->[#jarjarbinks, #giveawayâ€¦, #ArcaDeNoÃ©]
#bangkok->[#jarjarbinks, #Uptown, #DC]
#STARWARS->[#jarjarbinks, #AunqueNoLoCreas, #StarWars!!!]
#Vader->[#jarjarbinks, #Uptown, #DC]
#AbogacÃ­aComprometida->[#standup4humanrights, #Sunday, #AEMET]
#olaotempo->[#olaotempo]
#LastJediÂ ->[#AunqueNoLoCreas, #StarWars!!!, #lowpoly]
#Foodiechats->[#Sunday, #AEMET, #LaPortada]
#CocoPixar->[#jarjarbinks, #AunqueNoLoCreas, #StarWars!!!]
#carnÃ©->[#Sunday, #AEMET, #LaPortada]
#inCostaBrava->[#standup4humanrights, #Sunday, #AEMET]
#empordÃ ->[#standup4humanrights, #Sunday, #AEMET]
#Law'->[#Law']
#ShopForPets->[#jarjarbinks, #Uptown, #DC]
#THEORIGINALS->[#standup4humanrights, #Sunday, #AEMET]
#OTGala6->[#Neymar, #Dictadura, #07Dic]
#StarWarsÂ ->[#jarjarbinks, #Uptown, #DC]
#JumanjiWelcomeToTheJungle->[#jarjarbinks, #AunqueNoLoCreas, #StarWars!!!]
#OTNavidad2017->[#Dictadura, #Neymar, #07Dic]
#buenosdias->[#standup4humanrights, #Sunday, #AEMET]
#OTGala7->[#Dictadura, #Neymar, #07Dic]
#AvisoVermello->[#AvisoVermello]
#monitorasenlucha->[#Sunday, #AEMET, #LaPortada]
#yoNOvoto->[#Sunday, #AEMET, #LaPortada]
#Ù…Ø­Ø¸ÙˆØ±Ø©->[#standup4humanrights, #Sunday, #AEMET]
#diadlospolÃ­ticossebajanelsueldo->[#Sunday, #AEMET, #LaPortada]
#DDHHCuba->[#standup4humanrights, #Sunday, #AEMET]
#Rita->[#Rita]
#Igâ€¦->[#Sunday, #AEMET, #LaPortada]
#DerechoDeAsilo->[#Sunday, #AEMET, #LaPortada]
#FreePalestine->[#standup4humanrights, #Sunday, #AEMET]
#liveve->[#Santiago, #orgy, #FelicesFiestas]
#Vota->[#Sunday, #AEMET, #LaPortada]
#jedi->[#jarjarbinks, #Uptown, #DC]
#ë°©íƒ„ì†Œë…„ë‹¨->[#ë°©íƒ„ì†Œë…„ë‹¨]
#Democrats->[#jarjarbinks, #AunqueNoLoCreas, #StarWars!!!]
#Ù„ÙŠÙƒ_Ù…Ù†ÙˆÙ„ÙŠØ´->[#jarjarbinks, #AunqueNoLoCreas, #StarWars!!!]
#ddhhhastael->[#Sunday, #AEMET, #LaPortada]
#uksnow->[#standup4humanrights, #Sunday, #AEMET]
#MollysGame->[#MollysGame]
#Iran->[#standup4humanrights, #Sunday, #AEMET]
#DarkSide->[#jarjarbinks, #AunqueNoLoCreas, #StarWars!!!]
#starwarsthelastjedi->[#jarjarbinks, #starwarsthelastjedi, #AunqueNoLoCreas]
#moâ€¦->[#jarjarbinks, #AunqueNoLoCreas, #StarWars!!!]
#Israel->[#standup4humanrights, #SEO, #trendsukâ€¦]
#edchat->[#jarjarbinks, #AunqueNoLoCreas, #StarWars!!!]
#peznaranjaLAB?->[#standup4humanrights, #trendsukâ€¦, #Tags]
#netzneutralitÃ¤t->[#jarjarbinks, #DC, #Uptown]
#LosUltimosJedi->[#LosUltimosJedi]
#StarWarsTheLastJediÂ ->[#StarWarsTheLastJediÂ ]
#d23â€¦->[#DC, #Uptown, #AunqueNoLoCreas]
#Domingo->[#standup4humanrights, #Sunday, #AEMET]
#Cotonou->[#jarjarbinks, #AunqueNoLoCreas, #StarWars!!!]
#Libia->[#standup4humanrights, #Sunday, #AEMET]
#StopRacismoXenofobiaâ€¦->[#standup4humanrights, #Sunday, #AEMET]
#CataluÃ±a->[#standup4humanrights, #Sunday, #AEMET]
#maraton->[#jarjarbinks, #AunqueNoLoCreas, #StarWars!!!]
#Marvel->[#jarjarbinks, #AunqueNoLoCreas, #StarWars!!!]
#Chewbacca->[#jarjarbinks, #Uptown, #DC]
#NotInAnyParticularOrder->[#jarjarbinks, #Uptown, #DC]
#Refugiadxs->[#standup4humanrights, #Sunday, #AEMET]
#SundayFunday->[#standup4humanrights, #Sunday, #AEMET]
#TheLightOfTheMoon->[#jarjarbinks, #AunqueNoLoCreas, #StarWars!!!]
#Pixar->[#jarjarbinks, #AunqueNoLoCreas, #StarWars!!!]
